emperor_mapuche;Great Toki;;;;;;;;;;;;;x
emperor_female_mapuche;Great Toki;;;;;;;;;;;;;x
empire_of_mapuche;Great Butalmap;;;;;;;;;;;;;x
tribal_empire_of_mapuche;Great Butalmap;;;;;;;;;;;;;x
king_mapuche;Toki;;;;;;;;;;;;;x
king_female_mapuche;Toki;;;;;;;;;;;;;x
kingdom_of_mapuche;Butalmap;;;;;;;;;;;;;x
tribal_kingdom_of_mapuche;Butalmap;;;;;;;;;;;;;x
duke_mapuche;Vice Toki;;;;;;;;;;;;;x
duke_female_mapuche;Vice Toki;;;;;;;;;;;;;x
duchy_of_mapuche;Aillarehue of;;;;;;;;;;;;;x
tribal_duchy_of_mapuche;Aillarehue of;;;;;;;;;;;;;x
count_mapuche;Longko;;;;;;;;;;;;;x
count_female_mapuche;Longko;;;;;;;;;;;;;x
county_of_mapuche;Rehue of;;;;;;;;;;;;;x
tribal_county_of_mapuche;Rehue of;;;;;;;;;;;;;x
baron_mapuche;Ulmen;;;;;;;;;;;;;x
baron_female_mapuche;Ulmen;;;;;;;;;;;;;x
barony_of_mapuche;Lof of;;;;;;;;;;;;;x
tribal_barony_of_mapuche;Lof of;;;;;;;;;;;;;x
temple_baron_female_mapuche_pagan;Machi;;;;;;;;;;;;;x
temple_count_female_mapuche_pagan;Machi;;;;;;;;;;;;;x
temple_duke_female_mapuche_pagan;Machi;;;;;;;;;;;;;x
temple_king_female_mapuche_pagan;Machi;;;;;;;;;;;;;x
temple_emperor_female_mapuche_pagan;Machi;;;;;;;;;;;;;x
title_regent_mapuche;Ulmen;;;;;;;;;;;;;x
title_prince_mapuche;Ulmen;;;;;;;;;;;;;x
title_prince_female_mapuche;Ulmen;;;;;;;;;;;;;x
job_marshal_mapuche;Ñithol;;;;;;;;;;;;;x
job_spiritual_mapuche;Machi;;;;;;;;;;;;;x
job_spiritual_mapuche_pagan;Machi;;;;;;;;;;;;;x
title_councilmember_king_mapuche;Kellu;;;;;;;;;;;;;x
title_councilmember_emperor_mapuche;Kuella;;;;;;;;;;;;;x
tribal_emperor_mapuche;Great Toki;;;;;;;;;;;;;x
tribal_emperor_female_mapuche;Great Toki;;;;;;;;;;;;;x
tribal_king_mapuche;Toki;;;;;;;;;;;;;x
tribal_king_female_mapuche;Toki;;;;;;;;;;;;;x
tribal_duke_mapuche;Vice Toki;;;;;;;;;;;;;x
tribal_duke_female_mapuche;Vice Toki;;;;;;;;;;;;;x
tribal_count_mapuche;Longko;;;;;;;;;;;;;x
tribal_count_female_mapuche;Longko;;;;;;;;;;;;;x
tribal_baron_mapuche;Ulmen;;;;;;;;;;;;;x
tribal_baron_female_mapuche;Ulmen;;;;;;;;;;;;;x
city_emperor_mapuche;Great Toki;;;;;;;;;;;;;x
city_emperor_female_mapuche;Great Toki;;;;;;;;;;;;;x
city_king_mapuche;Toki;;;;;;;;;;;;;x
city_king_female_mapuche;Toki;;;;;;;;;;;;;x
city_duke_mapuche;Vice Toki;;;;;;;;;;;;;x
city_duke_female_mapuche;Vice Toki;;;;;;;;;;;;;x
city_count_mapuche;Longko;;;;;;;;;;;;;x
city_count_female_mapuche;Longko;;;;;;;;;;;;;x
city_baron_mapuche;Ulmen;;;;;;;;;;;;;x
city_baron_female_mapuche;Ulmen;;;;;;;;;;;;;x
#mesopeoples
emperor_maya;Kuhul Ahau;;;;;;;;;;;;;x
emperor_mayan;Kuhul Ahau;;;;;;;;;;;;;x
emperor_female_maya;Kuhul Ahau;;;;;;;;;;;;;x
emperor_female_mayan;Kuhul Ahau;;;;;;;;;;;;;x
empire_of_maya;Ahauil;;;;;;;;;;;;;x
empire_of_mayan;Ahauil;;;;;;;;;;;;;x
king_maya;Ahau;;;;;;;;;;;;;x
king_mayan;Ahau;;;;;;;;;;;;;x
king_female_maya;Ch'upul Ahau;;;;;;;;;;;;;x
king_female_mayan;Ch'upul Ahau;;;;;;;;;;;;;x
kingdom_of_maya;Luub;;;;;;;;;;;;;x
kingdom_of_mayan;Luub;;;;;;;;;;;;;x
duke_maya;Halach Winik;;;;;;;;;;;;;x
duke_mayan;Halach Winik;;;;;;;;;;;;;x
duke_female_maya;Halach Winik;;;;;;;;;;;;;x
duke_female_mayan;Halach Winik;;;;;;;;;;;;;x
duchy_of_maya;Kuchkabal of;;;;;;;;;;;;;x
duchy_of_mayan;Kuchkabal of;;;;;;;;;;;;;x
count_maya;Batab;;;;;;;;;;;;;x
count_mayan;Batab;;;;;;;;;;;;;x
count_female_maya;Batab;;;;;;;;;;;;;x
count_female_mayan;Batab;;;;;;;;;;;;;x
county_of_maya;Batalib of;;;;;;;;;;;;;x
county_of_mayan;Batalib of;;;;;;;;;;;;;x
baron_maya;Kuch Kab;;;;;;;;;;;;;x
baron_mayan;Kuch Kab;;;;;;;;;;;;;x
baron_female_maya;Kuch Kab;;;;;;;;;;;;;x
barony_of_maya;Kuchteel of;;;;;;;;;;;;;x
city_empire_of_maya;Noh Luub of;;;;;;;;;;;;;x
city_kingdom_of_maya;Luub of;;;;;;;;;;;;;x
city_duchy_of_maya;Kuchkabal of;;;;;;;;;;;;;x
city_county_of_maya;Batalib of;;;;;;;;;;;;;x
city_barony_of_maya;Noh Kah of;;;;;;;;;;;;;x
temple_emperor_of_mayan;Ahauil of;;;;;;;;;;;;;x
temple_kingdom_of_mayan;Luub of;;;;;;;;;;;;;x
temple_duke_of_mayan;Kuchkabal of;;;;;;;;;;;;;x
temple_county_of_mayan;Batalib of;;;;;;;;;;;;;x
temple_barony_of_mayan;Nah Kuh of;;;;;;;;;;;;;x
temple_baron_mayan;Ah Kin;;;;;;;;;;;;;x
temple_count_maya_pagan;Ah Kin Mai;;;;;;;;;;;;;x
title_appointed_regent_mayan;Ahau;;;;;;;;;;;;;x
title_appointed_regent_maya;Ahau;;;;;;;;;;;;;x
title_regent_mayan;Ahau;;;;;;;;;;;;;x
title_regent_maya;Ahau;;;;;;;;;;;;;x
title_prince_mayan;Baah Ahau;;;;;;;;;;;;;x
title_prince_maya;Baah Ahau;;;;;;;;;;;;;x
title_prince_female_mayan;Baah Ahau;;;;;;;;;;;;;x
title_prince_female_maya;Baah Ahau;;;;;;;;;;;;;x
job_marshal_maya;Nacom;;;;;;;;;;;;;x
job_treasurer_maya;Kulel;;;;;;;;;;;;;x
job_spymaster_maya;Tupil;;;;;;;;;;;;;x
job_chancellor_maya;Ah Holpop;;;;;;;;;;;;;x
job_spiritual_maya;Ahuacan;;;;;;;;;;;;;x
job_spiritual_mayan;Ahuacan;;;;;;;;;;;;;x
job_spiritual_mayan_reformed;Ahuacan;;;;;;;;;;;;;x
title_councilmember_king_maya;Tsol Xikin;;;;;;;;;;;;;x
title_councilmember_emperor_maya;Tsol Xikin;;;;;;;;;;;;;x
emperor_tarascan_group;Tepari Yrechaeti;;;;;;;;;;;;;x
emperor_tarascan_pagan;Tepari Yrechaeti;;;;;;;;;;;;;x
emperor_female_tarascan_group;Tepari Yrechaeti;;;;;;;;;;;;;x
emperor_female_tarascan_pagan;Tepari Yrechaeti;;;;;;;;;;;;x
empire_of_tarascan_group;Tepari Yrechaetisperaqua;;;;;;;;;;;;;x
empire_of_tarascan_pagan;Tepari Yrechaetisperaqua;;;;;;;;;;;;;x
king_tarascan_group;Irecha;;;;;;;;;;;;;x
king_tarascan_pagan;Irecha;;;;;;;;;;;;;x
king_female_tarascan_group;Irecha;;;;;;;;;;;;;x
king_female_tarascan_pagan;Irecha;;;;;;;;;;;;;x
kingdom_of_tarascan_group;Thares Cumpsta;;;;;;;;;;;;;x
kingdom_of_tarascan_pagan;Thares Cumpsta;;;;;;;;;;;;;x
duke__tarascan_group;Angamecha;;;;;;;;;;;;;x
duke_tarascan_pagan;Angamecha;;;;;;;;;;;;;x
duke_female_tarascan_group;Angamecha;;;;;;;;;;;;;x
duke_female_tarascan_pagan;Angamecha;;;;;;;;;;;;;x
duchy_of_tarascan_group;Vandazcuni Harandiro of;;;;;;;;;;;;;x
duchy_of_tarascan_pagan;Vandazcuni Harandiro of;;;;;;;;;;;;;x
count_maya;Carachacapacha;;;;;;;;;;;;;x
count_tarascan_pagan;Carachacapacha;;;;;;;;;;;;;x
count_female_tarascan_group;Carachacapacha;;;;;;;;;;;;;x
count_female_tarascan_pagan;Carachacapacha;;;;;;;;;;;;;x
county_of_tarascan_group;Vapatzequa of;;;;;;;;;;;;;x
county_of_tarascan_pagan;Vapatzequa of;;;;;;;;;;;;;x
baron_tarascan_group;Achaecha;;;;;;;;;;;;;x
baron_tarascan_pagan;Achaecha;;;;;;;;;;;;;x
baron_female_tarascan_group;Achaecha;;;;;;;;;;;;;x
baron_female_tarascan_pagan;Achaecha;;;;;;;;;;;;;x
barony_of_tarascan_group;Yrechequaro of;;;;;;;;;;;;;x
temple_baron_tarascan_pagan;Ah Kin;;;;;;;;;;;;;x
temple_count_tarascan_pagan;Ah Kin Mai;;;;;;;;;;;;;x
job_treasurer_tarascan_group;Ocambecha;;;;;;;;;;;;;x
job_spiritual_tarascan_group;Petamuti;;;;;;;;;;;;;x
job_spiritual_tarascan_pagan;Petamuti;;;;;;;;;;;;;x
job_spiritual_tarascan_pagan_reformed;Petamuti;;;;;;;;;;;;;x
emperor_mesoamerican;Huetlatoani;Huetlatoani;Huetlatoani;;Huetlatoani;;;;;;;;;x
emperor_female_mesoamerican;Siwahuettlahtooni;Siwahuettlahtooni;Siwahuettlahtooni;;Siwahuettlahtooni;;;;;;;;;x
king_mesoamerican;Tlatoani;Tlatoani;Tlatoani;;Tlatoani;;;;;;;;;x
king_female_mesoamerican;Siwatlahtooni;Siwatlahtooni;Siwatlahtooni;;Siwatlahtooni;;;;;;;;;x
kingdom_of_mesoamerican;Tlahtohkatlalli;;;;;;;;;;;;;x
duke_mesoamerican;Huecalpixqui;Huecalpixqui;Huecalpixqui;;Huecalpixqui;;;;;;;;;x
duke_female_mesoamerican;Huecalpixqui;Huecalpixqui;Huecalpixqui;;Huecalpixqui;;;;;;;;;x
duchy_of_mesoamerican;Altepeme;;;;;;;;;;;;;x 
count_mesoamerican;Calpixqui;Calpixqui;Calpixqui;;Calpixqui;;;;;;;;;x
count_female_mesoamerican;Calpixqui;Calpixqui;Calpixqui;;Calpixqui;;;;;;;;;x
county_of_mesoamerican;Huey Altepetl;;;;;;;;;;;;;x
baron_mesoamerican;Teuctli;Teuhtli;Teuctli;;Teuctli;;;;;;;;;x
baron_female_mesoamerican;Teuctli;Teuhtli;Teuctli;;Teuctli;;;;;;;;;x
barony_of_mesoamerican;Altepetl;;;;;;;;;;;;;x
title_appointed_regent_mesoamerican;Kwawtlahtohkeh;;;;;;;;;x
job_chancellor_mesoamerican;Siwakoatl;Siwakoatl;Siwakoatl;;Siwakoatl;;;;;;;;;x
job_marshal_mesoamerican;Tlacateccatl;Tlacateccatl;Tlacateccatl;;Tlacateccatl;;;;;;;;;x
job_treasurer_mesoamerican;Petlacalcatl;Petlacalcatl;Petlacalcatl;;Petlacalcatl;;;;;;;;;x
job_spymaster_mesoamerican;Tillancalqui;Tillancalqui;Tillancalqui;;Tillancalqui;;;;;;;;;x
job_spiritual_mesoamerican;Sahagun;Sahagún;Sahagun;;Sahagun;;;;;;;;;x
emperor_mesoamerican_rel_group;Huetlatoani;Huetlatoani;Huetlatoani;;Huetlatoani;;;;;;;;;x
emperor_female_mesoamerican_rel_group;Siwahuettlahtooni;Siwahuettlahtooni;Siwahuettlahtooni;;Siwahuettlahtooni;;;;;;;;;x
king_mesoamerican_rel_group;Tlatoani;Tlatoani;Tlatoani;;Tlatoani;;;;;;;;;x
king_female_mesoamerican_rel_group;Siwatlahtooni;Siwatlahtooni;Siwatlahtooni;;Siwatlahtooni;;;;;;;;;x
kingdom_of_mesoamerican_rel_group;Tlahtohkatlalli;;;;;;;;;;;;;x
duke_mesoamerican_rel_group;Huecalpixqui;Huecalpixqui;Huecalpixqui;;Huecalpixqui;;;;;;;;;x
duke_female_mesoamerican_rel_group;Huecalpixqui;Huecalpixqui;Huecalpixqui;;Huecalpixqui;;;;;;;;;x
duchy_of_mesoamerican_rel_group;Altepeme;;;;;;;;;;;;;x 
count_mesoamerican_rel_group;Calpixqui;Calpixqui;Calpixqui;;Calpixqui;;;;;;;;;x
count_female_mesoamerican_rel_group;Calpixqui;Calpixqui;Calpixqui;;Calpixqui;;;;;;;;;x
county_of_mesoamerican_rel_group;Huey Altepetl;;;;;;;;;;;;;x
baron_mesoamerican_rel_group;Teuctli;Teuhtli;Teuctli;;Teuctli;;;;;;;;;x
baron_female_mesoamerican_rel_group;Teuctli;Teuhtli;Teuctli;;Teuctli;;;;;;;;;x
barony_of_mesoamerican_rel_group;Altepetl;;;;;;;;;;;;;x
title_appointed_regent_mesoamerican_rel_group;Kwawtlahtohkeh;;;;;;;;;x
job_chancellor_mesoamerican_rel_group;Siwakoatl;Siwakoatl;Siwakoatl;;Siwakoatl;;;;;;;;;x
job_marshal_mesoamerican_rel_group;Tlacateccatl;Tlacateccatl;Tlacateccatl;;Tlacateccatl;;;;;;;;;x
job_treasurer_mesoamerican_rel_group;Petlacalcatl;Petlacalcatl;Petlacalcatl;;Petlacalcatl;;;;;;;;;x
job_spymaster_mesoamerican_rel_group;Tillancalqui;Tillancalqui;Tillancalqui;;Tillancalqui;;;;;;;;;x
job_spiritual_mesoamerican_rel_group;Sahagun;Sahagún;Sahagun;;Sahagun;;;;;;;;;x
#Algonquians
emperor_cree_algonquian;Massasoit Akikodjiwan;Massasoit Akikodjiwan;Massasoit Akikodjiwan;;Massasoit Akikodjiwan;;;;;;;;;x
emperor_female_cree_algonquian;Massasoit Akikodjiwan;Massasoit Akikodjiwan;Massasoit Akikodjiwan;;Massasoit Akikodjiwan;;;;;;;;;x
king_cree_algonquian;Akikodjiwan;Akikodjiwan;Akikodjiwan;;Akikodjiwan;;;;;;;;;x
king_female_cree_algonquian;Akikodjiwan;Akikodjiwan;Akikodjiwan;;Akikodjiwan;;;;;;;;;x
duke_cree_algonquian;Massasoit Sachem;Massasoit Sachem;Massasoit Sachem;;Massasoit Sachem;;;;;;;;;x
duke_female_cree_algonquian;Massasoit Sachem;Massasoit Sachem;Massasoit Sachem;;Massasoit Sachem;;;;;;;;;x
count_cree_algonquian;Sachem;Sachem;Sachem;;Sachem;;;;;;;;;x
count_female_cree_algonquian;Sachem;Sachem;Sachem;;Sachem;;;;;;;;;x
baron_cree_algonquian;Odaminowok;Odaminowok;Odaminowok;;Odaminowok;;;;;;;;;x
baron_female_cree_algonquian;Odaminowok;Odaminowok;Odaminowok;;Odaminowok;;;;;;;;;x
title_appointed_regent_cree_algonquian;Nqotqote'ltu;;;;;;;;;x
job_chancellor_cree_algonquian;Meshkotewen;Meshkotewen;Meshkotewen;;Meshkotewen;;;;;;;;;x
job_marshal_cree_algonquian;Atikamekw;Atikamekw;Atikamekw;;Atikamekw;;;;;;;;;x
job_treasurer_cree_algonquian;Nehpeekohn;Nehpeekohn;Nehpeekohn;;Nehpeekohn;;;;;;;;;x
job_spymaster_cree_algonquian;Nepayaw;Nepayaw;Nepayaw;;Nepayaw;;;;;;;;;x
job_spiritual_cree_algonquian;Wabano;Wabano;Wabano;;Wabano;;;;;;;;;x
emperor_cree_algonquian;Massasoit Akikodjiwan;Massasoit Akikodjiwan;Massasoit Akikodjiwan;;Massasoit Akikodjiwan;;;;;;;;;x
emperor_female_cree_algonquian;Massasoit Akikodjiwan;Massasoit Akikodjiwan;Massasoit Akikodjiwan;;Massasoit Akikodjiwan;;;;;;;;;x
tribal_king_cree_algonquian;Akikodjiwan;Akikodjiwan;Akikodjiwan;;Akikodjiwan;;;;;;;;;x
tribal_king_female_cree_algonquian;Akikodjiwan;Akikodjiwan;Akikodjiwan;;Akikodjiwan;;;;;;;;;x
tribal_duke_cree_algonquian;Massasoit Sachem;Massasoit Sachem;Massasoit Sachem;;Massasoit Sachem;;;;;;;;;x
tribal_duke_female_cree_algonquian;Massasoit Sachem;Massasoit Sachem;Massasoit Sachem;;Massasoit Sachem;;;;;;;;;x
tribal_count_cree_algonquian;Sachem;Sachem;Sachem;;Sachem;;;;;;;;;x
tribal_count_female_cree_algonquian;Sachem;Sachem;Sachem;;Sachem;;;;;;;;;x
tribal_baron_cree_algonquian;Odaminowok;Odaminowok;Odaminowok;;Odaminowok;;;;;;;;;x
tribal_baron_female_cree_algonquian;Odaminowok;Odaminowok;Odaminowok;;Odaminowok;;;;;;;;;x
city_king_cree_algonquian;Akikodjiwan;Akikodjiwan;Akikodjiwan;;Akikodjiwan;;;;;;;;;x
city_king_female_cree_algonquian;Akikodjiwan;Akikodjiwan;Akikodjiwan;;Akikodjiwan;;;;;;;;;x
city_duke_cree_algonquian;Massasoit Sachem;Massasoit Sachem;Massasoit Sachem;;Massasoit Sachem;;;;;;;;;x
city_duke_female_cree_algonquian;Massasoit Sachem;Massasoit Sachem;Massasoit Sachem;;Massasoit Sachem;;;;;;;;;x
city_count_cree_algonquian;Sachem;Sachem;Sachem;;Sachem;;;;;;;;;x
city_count_female_cree_algonquian;Sachem;Sachem;Sachem;;Sachem;;;;;;;;;x
city_baron_cree_algonquian;Odaminowok;Odaminowok;Odaminowok;;Odaminowok;;;;;;;;;x
city_baron_female_cree_algonquian;Odaminowok;Odaminowok;Odaminowok;;Odaminowok;;;;;;;;;x
temple_baron_female_cree_algonquian;Wabano;;;;;;;;;;;;;x
temple_count_female_cree_algonquian;Wabano;;;;;;;;;;;;;x
temple_duke_female_cree_algonquian;Wabano;;;;;;;;;;;;;x
temple_king_female_cree_algonquian;Wabano;;;;;;;;;;;;;x
temple_emperor_female_cree_algonquian;Wabano;;;;;;;;;;;;;x
#Iroquois
emperor_iroquoian;Deyhontsigwaeh;Deyhontsigwaeh;Deyhontsigwaeh;;Deyhontsigwaeh;;;;;;;;;x
emperor_female_iroquoian;Deyhontsigwaeh;Deyhontsigwaeh;Deyhontsigwaeh;;Deyhontsigwaeh;;;;;;;;;x
king_iroquoian;Hontsigwa'ehs;Hontsigwa'ehs;Hontsigwa'ehs;;Hontsigwa'ehs;;;;;;;;;x
king_female_iroquoian;Hontsigwa'ehs;Hontsigwa'ehs;Hontsigwa'ehs;;Hontsigwa'ehs;;;;;;;;;x
duke_iroquoian;Rononhkwe;Rononhkwe;Rononhkwe;;Rononhkwe;;;;;;;;;x
duke_female_iroquoian;Rononhkwe;Rononhkwe;Rononhkwe;;Rononhkwe;;;;;;;;;x
count_iroquoian;Lhadinenhah;Lhadinenhah;Lhadinenhah;;Lhadinenhah;;;;;;;;;x
count_female_iroquoian;Lhadinenhah;Lhadinenhah;Lhadinenhah;;Lhadinenhah;;;;;;;;;x
baron_iroquoian;Otiniatako;Otiniatako;Otiniatako;;Otiniatako;;;;;;;;;x
baron_female_iroquoian;Otiniatako;Otiniatako;Otiniatako;;Otiniatako;;;;;;;;;x
title_appointed_regent_iroquoian;Rathirestawiskarodeh;Rathirestawiskarodeh;Rathirestawiskarodeh;;Rathirestawiskarodeh;;;;;;;;;x
job_chancellor_iroquoian;Hoyaneh;Hoyaneh;Hoyaneh;;Hoyaneh;;;;;;;;;x
job_marshal_iroquoian;Lodiyeni;Lodiyeni;Lodiyeni;;Lodiyeni;;;;;;;;;x
job_treasurer_iroquoian;Rathinedawi;Rathinedawi;Rathinedawi;;Rathinedawi;;;;;;;;;x
job_spymaster_iroquoian;Lohwaheyesteh;Lohwaheyesteh;Lohwaheyesteh;;Lohwaheyesteh;;;;;;;;;x
job_spiritual_iroquoian;Ronyendane;Ronyendane;Ronyendane;;Ronyendane;;;;;;;;;x
tribal_emperor_iroquoian;Deyhontsigwaeh;Deyhontsigwaeh;Deyhontsigwaeh;;Deyhontsigwaeh;;;;;;;;;x
tribal_emperor_female_iroquoian;Deyhontsigwaeh;Deyhontsigwaeh;Deyhontsigwaeh;;Deyhontsigwaeh;;;;;;;;;x
tribal_king_iroquoian;Hontsigwa'ehs;Hontsigwa'ehs;Hontsigwa'ehs;;Hontsigwa'ehs;;;;;;;;;x
tribal_king_female_iroquoian;Hontsigwa'ehs;Hontsigwa'ehs;Hontsigwa'ehs;;Hontsigwa'ehs;;;;;;;;;x
tribal_duke_iroquoian;Rononhkwe;Rononhkwe;Rononhkwe;;Rononhkwe;;;;;;;;;x
tribal_duke_female_iroquoian;Rononhkwe;Rononhkwe;Rononhkwe;;Rononhkwe;;;;;;;;;x
tribal_count_iroquoian;Lhadinenhah;Lhadinenhah;Lhadinenhah;;Lhadinenhah;;;;;;;;;x
tribal_count_female_iroquoian;Lhadinenhah;Lhadinenhah;Lhadinenhah;;Lhadinenhah;;;;;;;;;x
tribal_baron_iroquoian;Otiniatako;Otiniatako;Otiniatako;;Otiniatako;;;;;;;;;x
tribal_baron_female_iroquoian;Otiniatako;Otiniatako;Otiniatako;;Otiniatako;;;;;;;;;x
city_emperor_iroquoian;Deyhontsigwaeh;Deyhontsigwaeh;Deyhontsigwaeh;;Deyhontsigwaeh;;;;;;;;;x
city_emperor_female_iroquoian;Deyhontsigwaeh;Deyhontsigwaeh;Deyhontsigwaeh;;Deyhontsigwaeh;;;;;;;;;x
city_king_iroquoian;Hontsigwa'ehs;Hontsigwa'ehs;Hontsigwa'ehs;;Hontsigwa'ehs;;;;;;;;;x
city_king_female_iroquoian;Hontsigwa'ehs;Hontsigwa'ehs;Hontsigwa'ehs;;Hontsigwa'ehs;;;;;;;;;x
city_duke_iroquoian;Rononhkwe;Rononhkwe;Rononhkwe;;Rononhkwe;;;;;;;;;x
city_duke_female_iroquoian;Rononhkwe;Rononhkwe;Rononhkwe;;Rononhkwe;;;;;;;;;x
city_count_iroquoian;Lhadinenhah;Lhadinenhah;Lhadinenhah;;Lhadinenhah;;;;;;;;;x
city_count_female_iroquoian;Lhadinenhah;Lhadinenhah;Lhadinenhah;;Lhadinenhah;;;;;;;;;x
city_baron_iroquoian;Otiniatako;Otiniatako;Otiniatako;;Otiniatako;;;;;;;;;x
city_baron_female_iroquoian;Otiniatako;Otiniatako;Otiniatako;;Otiniatako;;;;;;;;;x
temple_baron_female_cree_iroquoian;Ronyendane;;;;;;;;;;;;;x
temple_count_female_cree_iroquoian;Ronyendane;;;;;;;;;;;;;x
temple_duke_female_cree_iroquoian;Ronyendane;;;;;;;;;;;;;x
temple_king_female_cree_iroquoian;Ronyendane;;;;;;;;;;;;;x
temple_emperor_female_cree_iroquoian;Ronyendane;;;;;;;;;;;;;x
#Muskogean
emperor_muskogean;Hochunk Wahhahlahkv;Hochunk Wahhahlahkv;Hochunk Wahhahlahkv;;Hochunk Wahhahlahkv;;;;;;;;;x
emperor_female_muskogean;Hochunk Wahhahlahkv;Hochunk Wahhahlahkv;Hochunk Wahhahlahkv;;Hochunk Wahhahlahkv;;;;;;;;;x
king_muskogean;Wahhahlahkv;Wahhahlahkv;Wahhahlahkv;;Wahhahlahkv;;;;;;;;;x
king_female_muskogean;Wahhahlahkv;Wahhahlahkv;Wahhahlahkv;;Wahhahlahkv;;;;;;;;;x
duke_muskogean;Meekoh;Meekoh;Meekoh;;Meekoh;;;;;;;;;x
duke_female_muskogean;Meekoh;Meekoh;Meekoh;;Meekoh;;;;;;;;;x
count_muskogean;Tvlwa;Tvlwa;Tvlwa;;Tvlwa;;;;;;;;;x
count_female_muskogean;Tvlwa;Tvlwa;Tvlwa;;Tvlwa;;;;;;;;;x
baron_muskogean;Isfita;Isfita;Isfita;;Isfita;;;;;;;;;x
baron_female_muskogean;Isfita;Isfita;Isfita;;Isfita;;;;;;;;;x
title_appointed_regent_muskogean;Heneha;Heneha;Heneha;;Heneha;;;;;;;;;x
job_chancellor_muskogean;Hilakita;Hilakita;Hilakita;;Hilakita;;;;;;;;;x
job_marshal_muskogean;Ahteemkayn;Ahteemkayn;Ahteemkayn;;Ahteemkayn;;;;;;;;;x
job_treasurer_muskogean;Taske;Taske;Taske;;Taske;;;;;;;;;x
job_spymaster_muskogean;Hisakita-mako;Hisakita-mako;Hisakita-mako;;Hisakita-mako;;;;;;;;;x
job_spiritual_muskogean;Hasokita;Hasokita;Hasokita;;Hasokita;;;;;;;;;x
tribal_emperor_muskogean;Hochunk Wahhahlahkv;Hochunk Wahhahlahkv;Hochunk Wahhahlahkv;;Hochunk Wahhahlahkv;;;;;;;;;x
tribal_emperor_female_muskogean;Hochunk Wahhahlahkv;Hochunk Wahhahlahkv;Hochunk Wahhahlahkv;;Hochunk Wahhahlahkv;;;;;;;;;x
tribal_king_muskogean;Wahhahlahkv;Wahhahlahkv;Wahhahlahkv;;Wahhahlahkv;;;;;;;;;x
tribal_king_female_muskogean;Wahhahlahkv;Wahhahlahkv;Wahhahlahkv;;Wahhahlahkv;;;;;;;;;x
tribal_duke_muskogean;Meekoh;Meekoh;Meekoh;;Meekoh;;;;;;;;;x
tribal_duke_female_muskogean;Meekoh;Meekoh;Meekoh;;Meekoh;;;;;;;;;x
tribal_count_muskogean;Tvlwa;Tvlwa;Tvlwa;;Tvlwa;;;;;;;;;x
tribal_count_female_muskogean;Tvlwa;Tvlwa;Tvlwa;;Tvlwa;;;;;;;;;x
tribal_baron_muskogean;Isfita;Isfita;Isfita;;Isfita;;;;;;;;;x
tribal_baron_female_muskogean;Isfita;Isfita;Isfita;;Isfita;;;;;;;;;x
city_emperor_muskogean;Hochunk Wahhahlahkv;Hochunk Wahhahlahkv;Hochunk Wahhahlahkv;;Hochunk Wahhahlahkv;;;;;;;;;x
city_emperor_female_muskogean;Hochunk Wahhahlahkv;Hochunk Wahhahlahkv;Hochunk Wahhahlahkv;;Hochunk Wahhahlahkv;;;;;;;;;x
city_king_muskogean;Wahhahlahkv;Wahhahlahkv;Wahhahlahkv;;Wahhahlahkv;;;;;;;;;x
city_king_female_muskogean;Wahhahlahkv;Wahhahlahkv;Wahhahlahkv;;Wahhahlahkv;;;;;;;;;x
city_duke_muskogean;Meekoh;Meekoh;Meekoh;;Meekoh;;;;;;;;;x
city_duke_female_muskogean;Meekoh;Meekoh;Meekoh;;Meekoh;;;;;;;;;x
city_count_muskogean;Tvlwa;Tvlwa;Tvlwa;;Tvlwa;;;;;;;;;x
city_count_female_muskogean;Tvlwa;Tvlwa;Tvlwa;;Tvlwa;;;;;;;;;x
city_baron_muskogean;Isfita;Isfita;Isfita;;Isfita;;;;;;;;;x
city_baron_female_muskogean;Isfita;Isfita;Isfita;;Isfita;;;;;;;;;x
temple_baron_female_muskogean;Hasokita;;;;;;;;;;;;;x
temple_count_female_muskogean;Hasokita;;;;;;;;;;;;;x
temple_duke_female_muskogean;Hasokita;;;;;;;;;;;;;x
temple_king_female_muskogean;Hasokita;;;;;;;;;;;;;x
temple_emperor_female_muskogean;Hasokita;;;;;;;;;;;;;x
#Inuits
emperor_sivullirmiut;Nanuq;Nanuq;Nanuq;;Nanuq;;;;;;;;;x
emperor_female_sivullirmiut;Nanuq;Nanuq;Nanuq;;Nanuq;;;;;;;;;x
king_sivullirmiut;Nanuq;Nanuq;Nanuq;;Nanuq;;;;;;;;;x
king_female_sivullirmiut;Nanuq;Nanuq;Nanuq;;Nanuq;;;;;;;;;x
duke_sivullirmiut;Nanuq;Nanuq;Nanuq;;Nanuq;;;;;;;;;x
duke_female_sivullirmiut;Nanuq;Nanuq;Nanuq;;Nanuq;;;;;;;;;x
count_sivullirmiut;Nanuq;Nanuq;Nanuq;;Nanuq;;;;;;;;;x
count_female_sivullirmiut;Nanuq;Nanuq;Nanuq;;Nanuq;;;;;;;;;x
baron_sivullirmiut;Nanuq;Nanuq;Nanuq;;Nanuq;;;;;;;;;x
baron_female_sivullirmiut;Nanuq;Nanuq;Nanuq;;Nanuq;;;;;;;;;x
title_appointed_regent_sivullirmiut;Nigliniq;Nigliniq;Nigliniq;;Nigliniq;;;;;;;;;x
job_chancellor_sivullirmiut;Hilakita;Hilakita;Hilakita;;Hilakita;;;;;;;;;x
job_marshal_sivullirmiut;Quviaq;Quviaq;Quviaq;;Quviaq;;;;;;;;;x
job_treasurer_sivullirmiut;Sivuktuq;Sivuktuq;Sivuktuq;;Sivuktuq;;;;;;;;;x
job_spymaster_sivullirmiut;Anisuktuq;Anisuktuq;Anisuktuq;;Anisuktuq;;;;;;;;;x
job_spiritual_sivullirmiut;Angalkuq;Angalkuq;Angalkuq;;Angalkuq;;;;;;;;;x
tribal_emperor_sivullirmiut;Nanuq;Nanuq;Nanuq;;Nanuq;;;;;;;;;x
tribal_emperor_female_sivullirmiut;Nanuq;Nanuq;Nanuq;;Nanuq;;;;;;;;;x
tribal_king_sivullirmiut;Nanuq;Nanuq;Nanuq;;Nanuq;;;;;;;;;x
tribal_king_female_sivullirmiut;Nanuq;Nanuq;Nanuq;;Nanuq;;;;;;;;;x
tribal_duke_sivullirmiut;Nanuq;Nanuq;Nanuq;;Nanuq;;;;;;;;;x
tribal_duke_female_sivullirmiut;Nanuq;Nanuq;Nanuq;;Nanuq;;;;;;;;;x
tribal_count_sivullirmiut;Nanuq;Nanuq;Nanuq;;Nanuq;;;;;;;;;x
tribal_count_female_sivullirmiut;Nanuq;Nanuq;Nanuq;;Nanuq;;;;;;;;;x
tribal_baron_sivullirmiut;Nanuq;Nanuq;Nanuq;;Nanuq;;;;;;;;;x
tribal_baron_female_sivullirmiut;Nanuq;Nanuq;Nanuq;;Nanuq;;;;;;;;;x
city_emperor_sivullirmiut;Nanuq;Nanuq;Nanuq;;Nanuq;;;;;;;;;x
city_emperor_female_sivullirmiut;Nanuq;Nanuq;Nanuq;;Nanuq;;;;;;;;;x
city_king_sivullirmiut;Nanuq;Nanuq;Nanuq;;Nanuq;;;;;;;;;x
city_king_female_sivullirmiut;Nanuq;Nanuq;Nanuq;;Nanuq;;;;;;;;;x
city_duke_sivullirmiut;Nanuq;Nanuq;Nanuq;;Nanuq;;;;;;;;;x
city_duke_female_sivullirmiut;Nanuq;Nanuq;Nanuq;;Nanuq;;;;;;;;;x
city_count_sivullirmiut;Nanuq;Nanuq;Nanuq;;Nanuq;;;;;;;;;x
city_count_female_sivullirmiut;Nanuq;Nanuq;Nanuq;;Nanuq;;;;;;;;;x
city_baron_sivullirmiut;Nanuq;Nanuq;Nanuq;;Nanuq;;;;;;;;;x
city_baron_female_sivullirmiut;Nanuq;Nanuq;Nanuq;;Nanuq;;;;;;;;;x
temple_baron_female_sivullirmiut;Angalkuq;;;;;;;;;;;;;x
temple_count_female_sivullirmiut;Angalkuq;;;;;;;;;;;;;x
temple_duke_female_sivullirmiut;Angalkuq;;;;;;;;;;;;;x
temple_king_female_sivullirmiut;Angalkuq;;;;;;;;;;;;;x
temple_emperor_female_sivullirmiut;Angalkuq;;;;;;;;;;;;;x
#south american
#tupi
emperor_tupi;Nhanderu;Nhanderu;Nhanderu;;Nhanderu;;;;;;;;;x
emperor_female_tupi;Nhanderu;Nhanderu;Nhanderu;;Nhanderu;;;;;;;;;x
king_tupi;Mburuvicha Guasu;Mburuvicha Guasu;Mburuvicha Guasu;;Mburuvicha Guasu;;;;;;;;;x
king_female_tupi;Mburuvicha Guasu;Mburuvicha Guasu;Mburuvicha Guasu;;Mburuvicha Guasu;;;;;;;;;x
duke_tupi;Mburuvicha;Mburuvicha;Mburuvicha;;Mburuvicha;;;;;;;;;x
duke_female_tupi;Mburuvicha;Mburuvicha;Mburuvicha;;Mburuvicha;;;;;;;;;x
count_tupi;Pirai Guasu;Pirai Guasu;Pirai Guasu;;Pirai Guasu;;;;;;;;;x
count_female_tupi;Pirai Guasu;Pirai Guasu;Pirai Guasu;;Pirai Guasu;;;;;;;;;x
baron_tupi;Pirai;Pirai;Pirai;;Pirai;;;;;;;;;x
baron_female_tupi;Pirai;Pirai;Pirai;;Pirai;;;;;;;;;x
title_appointed_regent_tupi;Mburuvicha Rekove;Mburuvicha Rekove;Mburuvicha Rekove;;Mburuvicha Rekove;;;;;;;;;x
job_chancellor_tupi;Mbaeapo;Mbaeapo;Mbaeapo;;Mbaeapo;;;;;;;;;x
job_marshal_tupi;Jaryi;Jaryi;Jaryi;;Jaryi;;;;;;;;;x
job_treasurer_tupi;Mburuvicha;Mburuvicha;Mburuvicha;;Mburuvicha;;;;;;;;;x
job_spymaster_tupi;Mbarete;Mbarete;Mbarete;;Mbarete;;;;;;;;;x
job_spiritual_tupi;Karai;Karai;Karai;;Karai;;;;;;;;;x
tribal_emperor_tupi;Nhanderu;Nhanderu;Nhanderu;;Nhanderu;;;;;;;;;x
tribal_emperor_female_tupi;Nhanderu;Nhanderu;Nhanderu;;Nhanderu;;;;;;;;;x
tribal_king_tupi;Mburuvicha Guasu;Mburuvicha Guasu;Mburuvicha Guasu;;Mburuvicha Guasu;;;;;;;;;x
tribal_king_female_tupi;Mburuvicha Guasu;Mburuvicha Guasu;Mburuvicha Guasu;;Mburuvicha Guasu;;;;;;;;;x
tribal_duke_tupi;Mburuvicha;Mburuvicha;Mburuvicha;;Mburuvicha;;;;;;;;;x
tribal_duke_female_tupi;Mburuvicha;Mburuvicha;Mburuvicha;;Mburuvicha;;;;;;;;;x
tribal_count_tupi;Pirai Guasu;Pirai Guasu;Pirai Guasu;;Pirai Guasu;;;;;;;;;x
tribal_count_female_tupi;Pirai Guasu;Pirai Guasu;Pirai Guasu;;Pirai Guasu;;;;;;;;;x
tribal_baron_tupi;Pirai;Pirai;Pirai;;Pirai;;;;;;;;;x
tribal_baron_female_tupi;Pirai;Pirai;Pirai;;Pirai;;;;;;;;;x
city_emperor_tupi;Nhanderu;Nhanderu;Nhanderu;;Nhanderu;;;;;;;;;x
city_emperor_female_tupi;Nhanderu;Nhanderu;Nhanderu;;Nhanderu;;;;;;;;;x
city_king_tupi;Mburuvicha Guasu;Mburuvicha Guasu;Mburuvicha Guasu;;Mburuvicha Guasu;;;;;;;;;x
city_king_female_tupi;Mburuvicha Guasu;Mburuvicha Guasu;Mburuvicha Guasu;;Mburuvicha Guasu;;;;;;;;;x
city_duke_tupi;Mburuvicha;Mburuvicha;Mburuvicha;;Mburuvicha;;;;;;;;;x
city_duke_female_tupi;Mburuvicha;Mburuvicha;Mburuvicha;;Mburuvicha;;;;;;;;;x
city_count_tupi;Nanuq;Pirai Guasu;Pirai Guasu;Pirai Guasu;;Pirai Guasu;;;;;;;;;x
city_count_female_tupi;Pirai Guasu;Pirai Guasu;Pirai Guasu;;Pirai Guasu;;;;;;;;;x
city_baron_tupi;Nanuq;Pirai;Pirai;Pirai;;Pirai;;;;;;;;;x
city_baron_female_tupi;Pirai;Pirai;Pirai;;Pirai;;;;;;;;;x
temple_baron_female_tupi;Karai;;;;;;;;;;;;;x
temple_count_female_tupi;Karai;;;;;;;;;;;;;x
temple_duke_female_tupi;Karai;;;;;;;;;;;;;x
temple_king_female_tupi;Karai;;;;;;;;;;;;;x
temple_emperor_female_tupi;Karai;;;;;;;;;;;;;x
#north american of things
empire_of_hokan_group;Grand Confederacy of;;;;;;;;;;;;;x
kingdom_of_hokan_group;Confederacy of;;;;;;;;;;;;;x
duchy_of_hokan_group;Nation of;;;;;;;;;;;;;x
county_of_hokan_group;Tribe of;;;;;;;;;;;;;x
barony_of_hokan_group;Band of;;;;;;;;;;;;;x
#north american
empire_of_guachichil_group;Grand Confederacy of;;;;;;;;;;;;;x
kingdom_of_guachichil_group;Confederacy of;;;;;;;;;;;;;x
duchy_of_guachichil_group;Nation of;;;;;;;;;;;;;x
county_of_guachichil_group;Tribe of;;;;;;;;;;;;;x
barony_of_guachichil_group;Band of;;;;;;;;;;;;;x
#
empire_of_guaycuran_group;Grand Confederacy of;;;;;;;;;;;;;x
kingdom_of_guaycuran_group;Confederacy of;;;;;;;;;;;;;x
duchy_of_guaycuran_group;Nation of;;;;;;;;;;;;;x
county_of_guaycuran_group;Tribe of;;;;;;;;;;;;;x
barony_of_guaycuran_group;Band of;;;;;;;;;;;;;x
#
empire_of_huave_group;Grand Confederacy of;;;;;;;;;;;;;x
kingdom_of_huave_group;Confederacy of;;;;;;;;;;;;;x
duchy_of_huave_group;Nation of;;;;;;;;;;;;;x
county_of_huave_group;Tribe of;;;;;;;;;;;;;x
barony_of_huave_group;Band of;;;;;;;;;;;;;x
#
empire_of_tuniq_group;Grand Confederacy of;;;;;;;;;;;;;x
kingdom_of_tuniq_group;Confederacy of;;;;;;;;;;;;;x
duchy_of_tuniq_group;Nation of;;;;;;;;;;;;;x
county_of_tuniq_group;Tribe of;;;;;;;;;;;;;x
barony_of_tuniq_group;Band of;;;;;;;;;;;;;x
#
empire_of_tsimshianic_group;Grand Confederacy of;;;;;;;;;;;;;x
kingdom_of_tsimshianic_group;Confederacy of;;;;;;;;;;;;;x
duchy_of_tsimshianic_group;Nation of;;;;;;;;;;;;;x
county_of_tsimshianic_group;Tribe of;;;;;;;;;;;;;x
barony_of_tsimshianic_group;Band of;;;;;;;;;;;;;x
#
empire_of_tlingit_group;Grand Confederacy of;;;;;;;;;;;;;x
kingdom_of_tlingit_group;Confederacy of;;;;;;;;;;;;;x
duchy_of_tlingit_group;Nation of;;;;;;;;;;;;;x
county_of_tlingit_group;Tribe of;;;;;;;;;;;;;x
barony_of_tlingit_group;Band of;;;;;;;;;;;;;x
#
empire_of_wakashan_group;Grand Confederacy of;;;;;;;;;;;;;x
kingdom_of_wakashan_group;Confederacy of;;;;;;;;;;;;;x
duchy_of_wakashan_group;Nation of;;;;;;;;;;;;;x
county_of_wakashan_group;Tribe of;;;;;;;;;;;;;x
barony_of_wakashan_group;Band of;;;;;;;;;;;;;x
#
empire_of_northwest_coast;Grand Confederacy of;;;;;;;;;;;;;x
kingdom_of_northwest_coast;Confederacy of;;;;;;;;;;;;;x
duchy_of_northwest_coast;Nation of;;;;;;;;;;;;;x
county_of_northwest_coast;Tribe of;;;;;;;;;;;;;x
barony_of_northwest_coast;Band of;;;;;;;;;;;;;x
#
empire_of_chinook_group;Grand Confederacy of;;;;;;;;;;;;;x
kingdom_of_chinook_group;Confederacy of;;;;;;;;;;;;;x
duchy_of_chinook_group;Nation of;;;;;;;;;;;;;x
county_of_chinook_group;Tribe of;;;;;;;;;;;;;x
barony_of_chinook_group;Band of;;;;;;;;;;;;;x
#
empire_of_klamath_group;Grand Confederacy of;;;;;;;;;;;;;x
kingdom_of_klamath_group;Confederacy of;;;;;;;;;;;;;x
duchy_of_klamath_group;Nation of;;;;;;;;;;;;;x
county_of_klamath_group;Tribe of;;;;;;;;;;;;;x
barony_of_klamath_group;Band of;;;;;;;;;;;;;x
#
empire_of_salish_group;Grand Confederacy of;;;;;;;;;;;;;x
kingdom_of_salish_group;Confederacy of;;;;;;;;;;;;;x
duchy_of_salish_group;Nation of;;;;;;;;;;;;;x
county_of_salish_group;Tribe of;;;;;;;;;;;;;x
barony_of_salish_group;Band of;;;;;;;;;;;;;x
#
empire_of_pomoan_group;Grand Confederacy of;;;;;;;;;;;;;x
kingdom_of_pomoan_group;Confederacy of;;;;;;;;;;;;;x
duchy_of_pomoan_group;Nation of;;;;;;;;;;;;;x
county_of_pomoan_group;Tribe of;;;;;;;;;;;;;x
barony_of_pomoan_group;Band of;;;;;;;;;;;;;x
#
empire_of_tanoan_group;Grand Confederacy of;;;;;;;;;;;;;x
kingdom_of_tanoan_group;Confederacy of;;;;;;;;;;;;;x
duchy_of_tanoan_group;Nation of;;;;;;;;;;;;;x
county_of_tanoan_group;Tribe of;;;;;;;;;;;;;x
barony_of_tanoan_group;Band of;;;;;;;;;;;;;x
#
empire_of_cree_algonquian;Grand Confederacy of;;;;;;;;;;;;;x
kingdom_of_cree_algonquian;Confederacy of;;;;;;;;;;;;;x
duchy_of_cree_algonquian;Nation of;;;;;;;;;;;;;x
county_of_cree_algonquian;Tribe of;;;;;;;;;;;;;x
barony_of_cree_algonquian;Band of;;;;;;;;;;;;;x
#
empire_of_iroquoian;Grand Confederacy of;;;;;;;;;;;;;x
kingdom_of_iroquoian;Confederacy of;;;;;;;;;;;;;x
duchy_of_iroquoian;Nation of;;;;;;;;;;;;;x
county_of_iroquoian;Tribe of;;;;;;;;;;;;;x
barony_of_iroquoian;Band of;;;;;;;;;;;;;x
#
empire_of_muskogean;Grand Confederacy of;;;;;;;;;;;;;x
kingdom_of_muskogean;Confederacy of;;;;;;;;;;;;;x
duchy_of_muskogean;Nation of;;;;;;;;;;;;;x
county_of_muskogean;Tribe of;;;;;;;;;;;;;x
barony_of_muskogean;Band of;;;;;;;;;;;;;x
#
empire_of_siouan;Grand Confederacy of;;;;;;;;;;;;;x
kingdom_of_siouan;Confederacy of;;;;;;;;;;;;;x
duchy_of_siouan;Nation of;;;;;;;;;;;;;x
county_of_siouan;Tribe of;;;;;;;;;;;;;x
barony_of_siouan;Band of;;;;;;;;;;;;;x
#
empire_of_carribean;Grand Confederacy of;;;;;;;;;;;;;x
kingdom_of_carribean;Confederacy of;;;;;;;;;;;;;x
duchy_of_carribean;Nation of;;;;;;;;;;;;;x
county_of_carribean;Tribe of;;;;;;;;;;;;;x
barony_of_carribean;Band of;;;;;;;;;;;;;x
#
empire_of_apachean;Grand Confederacy of;;;;;;;;;;;;;x
kingdom_of_apachean;Confederacy of;;;;;;;;;;;;;x
duchy_of_apachean;Nation of;;;;;;;;;;;;;x
county_of_apachean;Tribe of;;;;;;;;;;;;;x
barony_of_apachean;Band of;;;;;;;;;;;;;x
#
empire_of_caddoan;Grand Confederacy of;;;;;;;;;;;;;x
kingdom_of_caddoan;Confederacy of;;;;;;;;;;;;;x
duchy_of_caddoan;Nation of;;;;;;;;;;;;;x
county_of_caddoan;Tribe of;;;;;;;;;;;;;x
barony_of_caddoan;Band of;;;;;;;;;;;;;x
#
empire_of_chibchan;Grand Confederacy of;;;;;;;;;;;;;x
kingdom_of_chibchan;Confederacy of;;;;;;;;;;;;;x
duchy_of_chibchan;Nation of;;;;;;;;;;;;;x
county_of_chibchan;Tribe of;;;;;;;;;;;;;x
barony_of_chibchan;Band of;;;;;;;;;;;;;x
#
empire_of_maranon;Grand Confederacy of;;;;;;;;;;;;;x
kingdom_of_maranon;Confederacy of;;;;;;;;;;;;;x
duchy_of_maranon;Nation of;;;;;;;;;;;;;x
county_of_maranon;Tribe of;;;;;;;;;;;;;x
barony_of_maranon;Band of;;;;;;;;;;;;;x
#
empire_of_araucanian;Grand Confederacy of;;;;;;;;;;;;;x
kingdom_of_araucanian;Confederacy of;;;;;;;;;;;;;x
duchy_of_araucanian;Nation of;;;;;;;;;;;;;x
county_of_araucanian;Tribe of;;;;;;;;;;;;;x
barony_of_araucanian;Band of;;;;;;;;;;;;;x
#
empire_of_tupi;Grand Confederacy of;;;;;;;;;;;;;x
kingdom_of_tupi;Confederacy of;;;;;;;;;;;;;x
duchy_of_tupi;Nation of;;;;;;;;;;;;;x
county_of_tupi;Tribe of;;;;;;;;;;;;;x
barony_of_tupi;Band of;;;;;;;;;;;;;x
#
empire_of_bororo_group;Grand Confederacy of;;;;;;;;;;;;;x
kingdom_of_bororo_group;Confederacy of;;;;;;;;;;;;;x
duchy_of_bororo_group;Nation of;;;;;;;;;;;;;x
county_of_bororo_group;Tribe of;;;;;;;;;;;;;x
barony_of_bororo_group;Band of;;;;;;;;;;;;;x
#
empire_of_kanamari_group;Grand Confederacy of;;;;;;;;;;;;;x
kingdom_of_kanamari_group;Confederacy of;;;;;;;;;;;;;x
duchy_of_kanamari_group;Nation of;;;;;;;;;;;;;x
county_of_kanamari_group;Tribe of;;;;;;;;;;;;;x
barony_of_kanamari_group;Band of;;;;;;;;;;;;;x
#
empire_of_witoto_group;Grand Confederacy of;;;;;;;;;;;;;x
kingdom_of_witoto_group;Confederacy of;;;;;;;;;;;;;x
duchy_of_witoto_group;Nation of;;;;;;;;;;;;;x
county_of_witoto_group;Tribe of;;;;;;;;;;;;;x
barony_of_witoto_group;Band of;;;;;;;;;;;;;x
#
empire_of_panoan_group;Grand Confederacy of;;;;;;;;;;;;;x
kingdom_of_panoan_group;Confederacy of;;;;;;;;;;;;;x
duchy_of_panoan_group;Nation of;;;;;;;;;;;;;x
county_of_panoan_group;Tribe of;;;;;;;;;;;;;x
barony_of_panoan_group;Band of;;;;;;;;;;;;;x
#
empire_of_tucanoan_group;Grand Confederacy of;;;;;;;;;;;;;x
kingdom_of_tucanoan_group;Confederacy of;;;;;;;;;;;;;x
duchy_of_tucanoan_group;Nation of;;;;;;;;;;;;;x
county_of_tucanoan_group;Tribe of;;;;;;;;;;;;;x
barony_of_tucanoan_group;Band of;;;;;;;;;;;;;x
#
empire_of_yanomaman_group;Grand Confederacy of;;;;;;;;;;;;;x
kingdom_of_yanomaman_group;Confederacy of;;;;;;;;;;;;;x
duchy_of_yanomaman_group;Nation of;;;;;;;;;;;;;x
county_of_yanomaman_group;Tribe of;;;;;;;;;;;;;x
barony_of_yanomaman_group;Band of;;;;;;;;;;;;;x
#
empire_of_tucanoan_group;Grand Confederacy of;;;;;;;;;;;;;x
kingdom_of_tucanoan_group;Confederacy of;;;;;;;;;;;;;x
duchy_of_tucanoan_group;Nation of;;;;;;;;;;;;;x
county_of_tucanoan_group;Tribe of;;;;;;;;;;;;;x
barony_of_tucanoan_group;Band of;;;;;;;;;;;;;x
#
empire_of_paez_group;Grand Confederacy of;;;;;;;;;;;;;x
kingdom_of_paez_group;Confederacy of;;;;;;;;;;;;;x
duchy_of_paez_group;Nation of;;;;;;;;;;;;;x
county_of_paez_group;Tribe of;;;;;;;;;;;;;x
barony_of_paez_group;Band of;;;;;;;;;;;;;x
#
empire_of_zaparoan_group;Grand Confederacy of;;;;;;;;;;;;;x
kingdom_of_zaparoan_group;Confederacy of;;;;;;;;;;;;;x
duchy_of_zaparoan_group;Nation of;;;;;;;;;;;;;x
county_of_zaparoan_group;Tribe of;;;;;;;;;;;;;x
barony_of_zaparoan_group;Band of;;;;;;;;;;;;;x
#
empire_of_charrua_group;Grand Confederacy of;;;;;;;;;;;;;x
kingdom_of_charrua_group;Confederacy of;;;;;;;;;;;;;x
duchy_of_charrua_group;Nation of;;;;;;;;;;;;;x
county_of_charrua_group;Tribe of;;;;;;;;;;;;;x
barony_of_charrua_group;Band of;;;;;;;;;;;;;x
#
empire_of_chango_group;Grand Confederacy of;;;;;;;;;;;;;x
kingdom_of_chango_group;Confederacy of;;;;;;;;;;;;;x
duchy_of_chango_group;Nation of;;;;;;;;;;;;;x
county_of_chango_group;Tribe of;;;;;;;;;;;;;x
barony_of_chango_group;Band of;;;;;;;;;;;;;x
#
empire_of_alacalufe_group;Grand Confederacy of;;;;;;;;;;;;;x
kingdom_of_alacalufe_group;Confederacy of;;;;;;;;;;;;;x
duchy_of_alacalufe_group;Nation of;;;;;;;;;;;;;x
county_of_alacalufe_group;Tribe of;;;;;;;;;;;;;x
barony_of_alacalufe_group;Band of;;;;;;;;;;;;;x
#
empire_of_waikuruan_group;Grand Confederacy of;;;;;;;;;;;;;x
kingdom_of_waikuruan_group;Confederacy of;;;;;;;;;;;;;x
duchy_of_waikuruan_group;Nation of;;;;;;;;;;;;;x
county_of_waikuruan_group;Tribe of;;;;;;;;;;;;;x
barony_of_waikuruan_group;Band of;;;;;;;;;;;;;x
#
empire_of_zamucoan_group;Grand Confederacy of;;;;;;;;;;;;;x
kingdom_of_zamucoan_group;Confederacy of;;;;;;;;;;;;;x
duchy_of_zamucoan_group;Nation of;;;;;;;;;;;;;x
county_of_zamucoan_group;Tribe of;;;;;;;;;;;;;x
barony_of_zamucoan_group;Band of;;;;;;;;;;;;;x
#
empire_of_huarpean_group;Grand Confederacy of;;;;;;;;;;;;;x
kingdom_of_huarpean_group;Confederacy of;;;;;;;;;;;;;x
duchy_of_huarpean_group;Nation of;;;;;;;;;;;;;x
county_of_huarpean_group;Tribe of;;;;;;;;;;;;;x
barony_of_huarpean_group;Band of;;;;;;;;;;;;;x
#
empire_of_chonan_group;Grand Confederacy of;;;;;;;;;;;;;x
kingdom_of_chonan_group;Confederacy of;;;;;;;;;;;;;x
duchy_of_chonan_group;Nation of;;;;;;;;;;;;;x
county_of_chonan_group;Tribe of;;;;;;;;;;;;;x
barony_of_chonan_group;Band of;;;;;;;;;;;;;x
#tribal
tribal_empire_of_hokan_group;Grand Confederacy of;;;;;;;;;;;;;x
tribal_kingdom_of_hokan_group;Confederacy of;;;;;;;;;;;;;x
tribal_duchy_of_hokan_group;Nation of;;;;;;;;;;;;;x
tribal_county_of_hokan_group;Tribe of;;;;;;;;;;;;;x
tribal_barony_of_hokan_group;Band of;;;;;;;;;;;;;x
#north american
tribal_empire_of_guachichil_group;Grand Confederacy of;;;;;;;;;;;;;x
tribal_kingdom_of_guachichil_group;Confederacy of;;;;;;;;;;;;;x
tribal_duchy_of_guachichil_group;Nation of;;;;;;;;;;;;;x
tribal_county_of_guachichil_group;Tribe of;;;;;;;;;;;;;x
tribal_barony_of_guachichil_group;Band of;;;;;;;;;;;;;x
#
tribal_empire_of_guaycuran_group;Grand Confederacy of;;;;;;;;;;;;;x
tribal_kingdom_of_guaycuran_group;Confederacy of;;;;;;;;;;;;;x
tribal_duchy_of_guaycuran_group;Nation of;;;;;;;;;;;;;x
tribal_county_of_guaycuran_group;Tribe of;;;;;;;;;;;;;x
tribal_barony_of_guaycuran_group;Band of;;;;;;;;;;;;;x
#
tribal_empire_of_huave_group;Grand Confederacy of;;;;;;;;;;;;;x
tribal_kingdom_of_huave_group;Confederacy of;;;;;;;;;;;;;x
tribal_duchy_of_huave_group;Nation of;;;;;;;;;;;;;x
tribal_county_of_huave_group;Tribe of;;;;;;;;;;;;;x
tribal_barony_of_huave_group;Band of;;;;;;;;;;;;;x
#
tribal_empire_of_tuniq_group;Grand Confederacy of;;;;;;;;;;;;;x
tribal_kingdom_of_tuniq_group;Confederacy of;;;;;;;;;;;;;x
tribal_duchy_of_tuniq_group;Nation of;;;;;;;;;;;;;x
tribal_county_of_tuniq_group;Tribe of;;;;;;;;;;;;;x
tribal_barony_of_tuniq_group;Band of;;;;;;;;;;;;;x
#
tribal_empire_of_tsimshianic_group;Grand Confederacy of;;;;;;;;;;;;;x
tribal_kingdom_of_tsimshianic_group;Confederacy of;;;;;;;;;;;;;x
tribal_duchy_of_tsimshianic_group;Nation of;;;;;;;;;;;;;x
tribal_county_of_tsimshianic_group;Tribe of;;;;;;;;;;;;;x
tribal_barony_of_tsimshianic_group;Band of;;;;;;;;;;;;;x
#
tribal_empire_of_tlingit_group;Grand Confederacy of;;;;;;;;;;;;;x
tribal_kingdom_of_tlingit_group;Confederacy of;;;;;;;;;;;;;x
tribal_duchy_of_tlingit_group;Nation of;;;;;;;;;;;;;x
tribal_county_of_tlingit_group;Tribe of;;;;;;;;;;;;;x
tribal_barony_of_tlingit_group;Band of;;;;;;;;;;;;;x
#
tribal_empire_of_wakashan_group;Grand Confederacy of;;;;;;;;;;;;;x
tribal_kingdom_of_wakashan_group;Confederacy of;;;;;;;;;;;;;x
tribal_duchy_of_wakashan_group;Nation of;;;;;;;;;;;;;x
tribal_county_of_wakashan_group;Tribe of;;;;;;;;;;;;;x
tribal_barony_of_wakashan_group;Band of;;;;;;;;;;;;;x
#
tribal_empire_of_northwest_coast;Grand Confederacy of;;;;;;;;;;;;;x
tribal_kingdom_of_northwest_coast;Confederacy of;;;;;;;;;;;;;x
tribal_duchy_of_northwest_coast;Nation of;;;;;;;;;;;;;x
tribal_county_of_northwest_coast;Tribe of;;;;;;;;;;;;;x
tribal_barony_of_northwest_coast;Band of;;;;;;;;;;;;;x
#
tribal_empire_of_chinook_group;Grand Confederacy of;;;;;;;;;;;;;x
tribal_kingdom_of_chinook_group;Confederacy of;;;;;;;;;;;;;x
tribal_duchy_of_chinook_group;Nation of;;;;;;;;;;;;;x
tribal_county_of_chinook_group;Tribe of;;;;;;;;;;;;;x
tribal_barony_of_chinook_group;Band of;;;;;;;;;;;;;x
#
tribal_empire_of_klamath_group;Grand Confederacy of;;;;;;;;;;;;;x
tribal_kingdom_of_klamath_group;Confederacy of;;;;;;;;;;;;;x
tribal_duchy_of_klamath_group;Nation of;;;;;;;;;;;;;x
tribal_county_of_klamath_group;Tribe of;;;;;;;;;;;;;x
tribal_barony_of_klamath_group;Band of;;;;;;;;;;;;;x
#
tribal_empire_of_salish_group;Grand Confederacy of;;;;;;;;;;;;;x
tribal_kingdom_of_salish_group;Confederacy of;;;;;;;;;;;;;x
tribal_duchy_of_salish_group;Nation of;;;;;;;;;;;;;x
tribal_county_of_salish_group;Tribe of;;;;;;;;;;;;;x
tribal_barony_of_salish_group;Band of;;;;;;;;;;;;;x
#
tribal_empire_of_pomoan_group;Grand Confederacy of;;;;;;;;;;;;;x
tribal_kingdom_of_pomoan_group;Confederacy of;;;;;;;;;;;;;x
tribal_duchy_of_pomoan_group;Nation of;;;;;;;;;;;;;x
tribal_county_of_pomoan_group;Tribe of;;;;;;;;;;;;;x
tribal_barony_of_pomoan_group;Band of;;;;;;;;;;;;;x
#
tribal_empire_of_tanoan_group;Grand Confederacy of;;;;;;;;;;;;;x
tribal_kingdom_of_tanoan_group;Confederacy of;;;;;;;;;;;;;x
tribal_duchy_of_tanoan_group;Nation of;;;;;;;;;;;;;x
tribal_county_of_tanoan_group;Tribe of;;;;;;;;;;;;;x
tribal_barony_of_tanoan_group;Band of;;;;;;;;;;;;;x
#
tribal_empire_of_cree_algonquian;Grand Confederacy of;;;;;;;;;;;;;x
tribal_kingdom_of_cree_algonquian;Confederacy of;;;;;;;;;;;;;x
tribal_duchy_of_cree_algonquian;Nation of;;;;;;;;;;;;;x
tribal_county_of_cree_algonquian;Tribe of;;;;;;;;;;;;;x
tribal_barony_of_cree_algonquian;Band of;;;;;;;;;;;;;x
#
tribal_empire_of_iroquoian;Grand Confederacy of;;;;;;;;;;;;;x
tribal_kingdom_of_iroquoian;Confederacy of;;;;;;;;;;;;;x
tribal_duchy_of_iroquoian;Nation of;;;;;;;;;;;;;x
tribal_county_of_iroquoian;Tribe of;;;;;;;;;;;;;x
tribal_barony_of_iroquoian;Band of;;;;;;;;;;;;;x
#
tribal_empire_of_muskogean;Grand Confederacy of;;;;;;;;;;;;;x
tribal_kingdom_of_muskogean;Confederacy of;;;;;;;;;;;;;x
tribal_duchy_of_muskogean;Nation of;;;;;;;;;;;;;x
tribal_county_of_muskogean;Tribe of;;;;;;;;;;;;;x
tribal_barony_of_muskogean;Band of;;;;;;;;;;;;;x
#
tribal_empire_of_siouan;Grand Confederacy of;;;;;;;;;;;;;x
tribal_kingdom_of_siouan;Confederacy of;;;;;;;;;;;;;x
tribal_duchy_of_siouan;Nation of;;;;;;;;;;;;;x
tribal_county_of_siouan;Tribe of;;;;;;;;;;;;;x
tribal_barony_of_siouan;Band of;;;;;;;;;;;;;x
#
tribal_empire_of_carribean;Grand Confederacy of;;;;;;;;;;;;;x
tribal_kingdom_of_carribean;Confederacy of;;;;;;;;;;;;;x
tribal_duchy_of_carribean;Nation of;;;;;;;;;;;;;x
tribal_county_of_carribean;Tribe of;;;;;;;;;;;;;x
tribal_barony_of_carribean;Band of;;;;;;;;;;;;;x
#
tribal_empire_of_apachean;Grand Confederacy of;;;;;;;;;;;;;x
tribal_kingdom_of_apachean;Confederacy of;;;;;;;;;;;;;x
tribal_duchy_of_apachean;Nation of;;;;;;;;;;;;;x
tribal_county_of_apachean;Tribe of;;;;;;;;;;;;;x
tribal_barony_of_apachean;Band of;;;;;;;;;;;;;x
#
tribal_empire_of_caddoan;Grand Confederacy of;;;;;;;;;;;;;x
tribal_kingdom_of_caddoan;Confederacy of;;;;;;;;;;;;;x
tribal_duchy_of_caddoan;Nation of;;;;;;;;;;;;;x
tribal_county_of_caddoan;Tribe of;;;;;;;;;;;;;x
tribal_barony_of_caddoan;Band of;;;;;;;;;;;;;x
#
tribal_empire_of_chibchan;Grand Confederacy of;;;;;;;;;;;;;x
tribal_kingdom_of_chibchan;Confederacy of;;;;;;;;;;;;;x
tribal_duchy_of_chibchan;Nation of;;;;;;;;;;;;;x
tribal_county_of_chibchan;Tribe of;;;;;;;;;;;;;x
tribal_barony_of_chibchan;Band of;;;;;;;;;;;;;x
#
tribal_empire_of_maranon;Grand Confederacy of;;;;;;;;;;;;;x
tribal_kingdom_of_maranon;Confederacy of;;;;;;;;;;;;;x
tribal_duchy_of_maranon;Nation of;;;;;;;;;;;;;x
tribal_county_of_maranon;Tribe of;;;;;;;;;;;;;x
tribal_barony_of_maranon;Band of;;;;;;;;;;;;;x
#
tribal_empire_of_araucanian;Grand Confederacy of;;;;;;;;;;;;;x
tribal_kingdom_of_araucanian;Confederacy of;;;;;;;;;;;;;x
tribal_duchy_of_araucanian;Nation of;;;;;;;;;;;;;x
tribal_county_of_araucanian;Tribe of;;;;;;;;;;;;;x
tribal_barony_of_araucanian;Band of;;;;;;;;;;;;;x
#
tribal_empire_of_tupi;Grand Confederacy of;;;;;;;;;;;;;x
tribal_kingdom_of_tupi;Confederacy of;;;;;;;;;;;;;x
tribal_duchy_of_tupi;Nation of;;;;;;;;;;;;;x
tribal_county_of_tupi;Tribe of;;;;;;;;;;;;;x
tribal_barony_of_tupi;Band of;;;;;;;;;;;;;x
#
tribal_empire_of_bororo_group;Grand Confederacy of;;;;;;;;;;;;;x
tribal_kingdom_of_bororo_group;Confederacy of;;;;;;;;;;;;;x
tribal_duchy_of_bororo_group;Nation of;;;;;;;;;;;;;x
tribal_county_of_bororo_group;Tribe of;;;;;;;;;;;;;x
tribal_barony_of_bororo_group;Band of;;;;;;;;;;;;;x
#
tribal_empire_of_kanamari_group;Grand Confederacy of;;;;;;;;;;;;;x
tribal_kingdom_of_kanamari_group;Confederacy of;;;;;;;;;;;;;x
tribal_duchy_of_kanamari_group;Nation of;;;;;;;;;;;;;x
tribal_county_of_kanamari_group;Tribe of;;;;;;;;;;;;;x
tribal_barony_of_kanamari_group;Band of;;;;;;;;;;;;;x
#
tribal_empire_of_witoto_group;Grand Confederacy of;;;;;;;;;;;;;x
tribal_kingdom_of_witoto_group;Confederacy of;;;;;;;;;;;;;x
tribal_duchy_of_witoto_group;Nation of;;;;;;;;;;;;;x
tribal_county_of_witoto_group;Tribe of;;;;;;;;;;;;;x
tribal_barony_of_witoto_group;Band of;;;;;;;;;;;;;x
#
tribal_empire_of_panoan_group;Grand Confederacy of;;;;;;;;;;;;;x
tribal_kingdom_of_panoan_group;Confederacy of;;;;;;;;;;;;;x
tribal_duchy_of_panoan_group;Nation of;;;;;;;;;;;;;x
tribal_county_of_panoan_group;Tribe of;;;;;;;;;;;;;x
tribal_barony_of_panoan_group;Band of;;;;;;;;;;;;;x
#
tribal_empire_of_tucanoan_group;Grand Confederacy of;;;;;;;;;;;;;x
tribal_kingdom_of_tucanoan_group;Confederacy of;;;;;;;;;;;;;x
tribal_duchy_of_tucanoan_group;Nation of;;;;;;;;;;;;;x
tribal_county_of_tucanoan_group;Tribe of;;;;;;;;;;;;;x
tribal_barony_of_tucanoan_group;Band of;;;;;;;;;;;;;x
#
tribal_empire_of_yanomaman_group;Grand Confederacy of;;;;;;;;;;;;;x
tribal_kingdom_of_yanomaman_group;Confederacy of;;;;;;;;;;;;;x
tribal_duchy_of_yanomaman_group;Nation of;;;;;;;;;;;;;x
tribal_county_of_yanomaman_group;Tribe of;;;;;;;;;;;;;x
tribal_barony_of_yanomaman_group;Band of;;;;;;;;;;;;;x
#
tribal_empire_of_tucanoan_group;Grand Confederacy of;;;;;;;;;;;;;x
tribal_kingdom_of_tucanoan_group;Confederacy of;;;;;;;;;;;;;x
tribal_duchy_of_tucanoan_group;Nation of;;;;;;;;;;;;;x
tribal_county_of_tucanoan_group;Tribe of;;;;;;;;;;;;;x
tribal_barony_of_tucanoan_group;Band of;;;;;;;;;;;;;x
#
tribal_empire_of_paez_group;Grand Confederacy of;;;;;;;;;;;;;x
tribal_kingdom_of_paez_group;Confederacy of;;;;;;;;;;;;;x
tribal_duchy_of_paez_group;Nation of;;;;;;;;;;;;;x
tribal_county_of_paez_group;Tribe of;;;;;;;;;;;;;x
tribal_barony_of_paez_group;Band of;;;;;;;;;;;;;x
#
tribal_empire_of_zaparoan_group;Grand Confederacy of;;;;;;;;;;;;;x
tribal_kingdom_of_zaparoan_group;Confederacy of;;;;;;;;;;;;;x
tribal_duchy_of_zaparoan_group;Nation of;;;;;;;;;;;;;x
tribal_county_of_zaparoan_group;Tribe of;;;;;;;;;;;;;x
tribal_barony_of_zaparoan_group;Band of;;;;;;;;;;;;;x
#
tribal_empire_of_charrua_group;Grand Confederacy of;;;;;;;;;;;;;x
tribal_kingdom_of_charrua_group;Confederacy of;;;;;;;;;;;;;x
tribal_duchy_of_charrua_group;Nation of;;;;;;;;;;;;;x
tribal_county_of_charrua_group;Tribe of;;;;;;;;;;;;;x
tribal_barony_of_charrua_group;Band of;;;;;;;;;;;;;x
#
tribal_empire_of_chango_group;Grand Confederacy of;;;;;;;;;;;;;x
tribal_kingdom_of_chango_group;Confederacy of;;;;;;;;;;;;;x
tribal_duchy_of_chango_group;Nation of;;;;;;;;;;;;;x
tribal_county_of_chango_group;Tribe of;;;;;;;;;;;;;x
tribal_barony_of_chango_group;Band of;;;;;;;;;;;;;x
#
tribal_empire_of_alacalufe_group;Grand Confederacy of;;;;;;;;;;;;;x
tribal_kingdom_of_alacalufe_group;Confederacy of;;;;;;;;;;;;;x
tribal_duchy_of_alacalufe_group;Nation of;;;;;;;;;;;;;x
tribal_county_of_alacalufe_group;Tribe of;;;;;;;;;;;;;x
tribal_barony_of_alacalufe_group;Band of;;;;;;;;;;;;;x
#
tribal_empire_of_waikuruan_group;Grand Confederacy of;;;;;;;;;;;;;x
tribal_kingdom_of_waikuruan_group;Confederacy of;;;;;;;;;;;;;x
tribal_duchy_of_waikuruan_group;Nation of;;;;;;;;;;;;;x
tribal_county_of_waikuruan_group;Tribe of;;;;;;;;;;;;;x
tribal_barony_of_waikuruan_group;Band of;;;;;;;;;;;;;x
#
tribal_empire_of_zamucoan_group;Grand Confederacy of;;;;;;;;;;;;;x
tribal_kingdom_of_zamucoan_group;Confederacy of;;;;;;;;;;;;;x
tribal_duchy_of_zamucoan_group;Nation of;;;;;;;;;;;;;x
tribal_county_of_zamucoan_group;Tribe of;;;;;;;;;;;;;x
tribal_barony_of_zamucoan_group;Band of;;;;;;;;;;;;;x
#
tribal_empire_of_huarpean_group;Grand Confederacy of;;;;;;;;;;;;;x
tribal_kingdom_of_huarpean_group;Confederacy of;;;;;;;;;;;;;x
tribal_duchy_of_huarpean_group;Nation of;;;;;;;;;;;;;x
tribal_county_of_huarpean_group;Tribe of;;;;;;;;;;;;;x
tribal_barony_of_huarpean_group;Band of;;;;;;;;;;;;;x
#
tribal_empire_of_chonan_group;Grand Confederacy of;;;;;;;;;;;;;x
tribal_kingdom_of_chonan_group;Confederacy of;;;;;;;;;;;;;x
tribal_duchy_of_chonan_group;Nation of;;;;;;;;;;;;;x
tribal_county_of_chonan_group;Tribe of;;;;;;;;;;;;;x
tribal_barony_of_chonan_group;Band of;;;;;;;;;;;;;x
#for dynaty names of Confederacy
empire_hokan_group;Grand Confederacy;;;;;;;;;;;;;x
kingdom_hokan_group;Confederacy;;;;;;;;;;;;;x
duchy_hokan_group;Nation;;;;;;;;;;;;;x
county_hokan_group;Tribe;;;;;;;;;;;;;x
barony_hokan_group;Band;;;;;;;;;;;;;x
#north american
empire_guachichil_group;Grand Confederacy;;;;;;;;;;;;;x
kingdom_guachichil_group;Confederacy;;;;;;;;;;;;;x
duchy_guachichil_group;Nation;;;;;;;;;;;;;x
county_guachichil_group;Tribe;;;;;;;;;;;;;x
barony_guachichil_group;Band;;;;;;;;;;;;;x
#
empire_guaycuran_group;Grand Confederacy;;;;;;;;;;;;;x
kingdom_guaycuran_group;Confederacy;;;;;;;;;;;;;x
duchy_guaycuran_group;Nation;;;;;;;;;;;;;x
county_guaycuran_group;Tribe;;;;;;;;;;;;;x
barony_guaycuran_group;Band;;;;;;;;;;;;;x
#
empire_huave_group;Grand Confederacy;;;;;;;;;;;;;x
kingdom_huave_group;Confederacy;;;;;;;;;;;;;x
duchy_huave_group;Nation;;;;;;;;;;;;;x
county_huave_group;Tribe;;;;;;;;;;;;;x
barony_huave_group;Band;;;;;;;;;;;;;x
#
empire_tuniq_group;Grand Confederacy;;;;;;;;;;;;;x
kingdom_tuniq_group;Confederacy;;;;;;;;;;;;;x
duchy_tuniq_group;Nation;;;;;;;;;;;;;x
county_tuniq_group;Tribe;;;;;;;;;;;;;x
barony_tuniq_group;Band;;;;;;;;;;;;;x
#
empire_tsimshianic_group;Grand Confederacy;;;;;;;;;;;;;x
kingdom_tsimshianic_group;Confederacy;;;;;;;;;;;;;x
duchy_tsimshianic_group;Nation;;;;;;;;;;;;;x
county_tsimshianic_group;Tribe;;;;;;;;;;;;;x
barony_tsimshianic_group;Band;;;;;;;;;;;;;x
#
empire_tlingit_group;Grand Confederacy;;;;;;;;;;;;;x
kingdom_tlingit_group;Confederacy;;;;;;;;;;;;;x
duchy_tlingit_group;Nation;;;;;;;;;;;;;x
county_tlingit_group;Tribe;;;;;;;;;;;;;x
barony_tlingit_group;Band;;;;;;;;;;;;;x
#
empire_wakashan_group;Grand Confederacy;;;;;;;;;;;;;x
kingdom_wakashan_group;Confederacy;;;;;;;;;;;;;x
duchy_wakashan_group;Nation;;;;;;;;;;;;;x
county_wakashan_group;Tribe;;;;;;;;;;;;;x
barony_wakashan_group;Band;;;;;;;;;;;;;x
#
empire_northwest_coast;Grand Confederacy;;;;;;;;;;;;;x
kingdom_northwest_coast;Confederacy;;;;;;;;;;;;;x
duchy_northwest_coast;Nation;;;;;;;;;;;;;x
county_northwest_coast;Tribe;;;;;;;;;;;;;x
barony_northwest_coast;Band;;;;;;;;;;;;;x
#
empire_chinook_group;Grand Confederacy;;;;;;;;;;;;;x
kingdom_chinook_group;Confederacy;;;;;;;;;;;;;x
duchy_chinook_group;Nation;;;;;;;;;;;;;x
county_chinook_group;Tribe;;;;;;;;;;;;;x
barony_chinook_group;Band;;;;;;;;;;;;;x
#
empire_klamath_group;Grand Confederacy;;;;;;;;;;;;;x
kingdom_klamath_group;Confederacy;;;;;;;;;;;;;x
duchy_klamath_group;Nation;;;;;;;;;;;;;x
county_klamath_group;Tribe;;;;;;;;;;;;;x
barony_klamath_group;Band;;;;;;;;;;;;;x
#
empire_salish_group;Grand Confederacy;;;;;;;;;;;;;x
kingdom_salish_group;Confederacy;;;;;;;;;;;;;x
duchy_salish_group;Nation;;;;;;;;;;;;;x
county_salish_group;Tribe;;;;;;;;;;;;;x
barony_salish_group;Band;;;;;;;;;;;;;x
#
empire_pomoan_group;Grand Confederacy;;;;;;;;;;;;;x
kingdom_pomoan_group;Confederacy;;;;;;;;;;;;;x
duchy_pomoan_group;Nation;;;;;;;;;;;;;x
county_pomoan_group;Tribe;;;;;;;;;;;;;x
barony_pomoan_group;Band;;;;;;;;;;;;;x
#
empire_tanoan_group;Grand Confederacy;;;;;;;;;;;;;x
kingdom_tanoan_group;Confederacy;;;;;;;;;;;;;x
duchy_tanoan_group;Nation;;;;;;;;;;;;;x
county_tanoan_group;Tribe;;;;;;;;;;;;;x
barony_tanoan_group;Band;;;;;;;;;;;;;x
#
empire_cree_algonquian;Grand Confederacy;;;;;;;;;;;;;x
kingdom_cree_algonquian;Confederacy;;;;;;;;;;;;;x
duchy_cree_algonquian;Nation;;;;;;;;;;;;;x
county_cree_algonquian;Tribe;;;;;;;;;;;;;x
barony_cree_algonquian;Band;;;;;;;;;;;;;x
#
empire_iroquoian;Grand Confederacy;;;;;;;;;;;;;x
kingdom_iroquoian;Confederacy;;;;;;;;;;;;;x
duchy_iroquoian;Nation;;;;;;;;;;;;;x
county_iroquoian;Tribe;;;;;;;;;;;;;x
barony_iroquoian;Band;;;;;;;;;;;;;x
#
empire_muskogean;Grand Confederacy;;;;;;;;;;;;;x
kingdom_muskogean;Confederacy;;;;;;;;;;;;;x
duchy_muskogean;Nation;;;;;;;;;;;;;x
county_muskogean;Tribe;;;;;;;;;;;;;x
barony_muskogean;Band;;;;;;;;;;;;;x
#
empire_siouan;Grand Confederacy;;;;;;;;;;;;;x
kingdom_siouan;Confederacy;;;;;;;;;;;;;x
duchy_siouan;Nation;;;;;;;;;;;;;x
county_siouan;Tribe;;;;;;;;;;;;;x
barony_siouan;Band;;;;;;;;;;;;;x
#
empire_carribean;Grand Confederacy;;;;;;;;;;;;;x
kingdom_carribean;Confederacy;;;;;;;;;;;;;x
duchy_carribean;Nation;;;;;;;;;;;;;x
county_carribean;Tribe;;;;;;;;;;;;;x
barony_carribean;Band;;;;;;;;;;;;;x
#
empire_apachean;Grand Confederacy;;;;;;;;;;;;;x
kingdom_apachean;Confederacy;;;;;;;;;;;;;x
duchy_apachean;Nation;;;;;;;;;;;;;x
county_apachean;Tribe;;;;;;;;;;;;;x
barony_apachean;Band;;;;;;;;;;;;;x
#
empire_caddoan;Grand Confederacy;;;;;;;;;;;;;x
kingdom_caddoan;Confederacy;;;;;;;;;;;;;x
duchy_caddoan;Nation;;;;;;;;;;;;;x
county_caddoan;Tribe;;;;;;;;;;;;;x
barony_caddoan;Band;;;;;;;;;;;;;x
#
empire_chibchan;Grand Confederacy;;;;;;;;;;;;;x
kingdom_chibchan;Confederacy;;;;;;;;;;;;;x
duchy_chibchan;Nation;;;;;;;;;;;;;x
county_chibchan;Tribe;;;;;;;;;;;;;x
barony_chibchan;Band;;;;;;;;;;;;;x
#
empire_maranon;Grand Confederacy;;;;;;;;;;;;;x
kingdom_maranon;Confederacy;;;;;;;;;;;;;x
duchy_maranon;Nation;;;;;;;;;;;;;x
county_maranon;Tribe;;;;;;;;;;;;;x
barony_maranon;Band;;;;;;;;;;;;;x
#
empire_araucanian;Grand Confederacy;;;;;;;;;;;;;x
kingdom_araucanian;Confederacy;;;;;;;;;;;;;x
duchy_araucanian;Nation;;;;;;;;;;;;;x
county_araucanian;Tribe;;;;;;;;;;;;;x
barony_araucanian;Band;;;;;;;;;;;;;x
#
empire_tupi;Grand Confederacy;;;;;;;;;;;;;x
kingdom_tupi;Confederacy;;;;;;;;;;;;;x
duchy_tupi;Nation;;;;;;;;;;;;;x
county_tupi;Tribe;;;;;;;;;;;;;x
barony_tupi;Band;;;;;;;;;;;;;x
#
empire_bororo_group;Grand Confederacy;;;;;;;;;;;;;x
kingdom_bororo_group;Confederacy;;;;;;;;;;;;;x
duchy_bororo_group;Nation;;;;;;;;;;;;;x
county_bororo_group;Tribe;;;;;;;;;;;;;x
barony_bororo_group;Band;;;;;;;;;;;;;x
#
empire_kanamari_group;Grand Confederacy;;;;;;;;;;;;;x
kingdom_kanamari_group;Confederacy;;;;;;;;;;;;;x
duchy_kanamari_group;Nation;;;;;;;;;;;;;x
county_kanamari_group;Tribe;;;;;;;;;;;;;x
barony_kanamari_group;Band;;;;;;;;;;;;;x
#
empire_witoto_group;Grand Confederacy;;;;;;;;;;;;;x
kingdom_witoto_group;Confederacy;;;;;;;;;;;;;x
duchy_witoto_group;Nation;;;;;;;;;;;;;x
county_witoto_group;Tribe;;;;;;;;;;;;;x
barony_witoto_group;Band;;;;;;;;;;;;;x
#
empire_panoan_group;Grand Confederacy;;;;;;;;;;;;;x
kingdom_panoan_group;Confederacy;;;;;;;;;;;;;x
duchy_panoan_group;Nation;;;;;;;;;;;;;x
county_panoan_group;Tribe;;;;;;;;;;;;;x
barony_panoan_group;Band;;;;;;;;;;;;;x
#
empire_tucanoan_group;Grand Confederacy;;;;;;;;;;;;;x
kingdom_tucanoan_group;Confederacy;;;;;;;;;;;;;x
duchy_tucanoan_group;Nation;;;;;;;;;;;;;x
county_tucanoan_group;Tribe;;;;;;;;;;;;;x
barony_tucanoan_group;Band;;;;;;;;;;;;;x
#
empire_yanomaman_group;Grand Confederacy;;;;;;;;;;;;;x
kingdom_yanomaman_group;Confederacy;;;;;;;;;;;;;x
duchy_yanomaman_group;Nation;;;;;;;;;;;;;x
county_yanomaman_group;Tribe;;;;;;;;;;;;;x
barony_yanomaman_group;Band;;;;;;;;;;;;;x
#
empire_tucanoan_group;Grand Confederacy;;;;;;;;;;;;;x
kingdom_tucanoan_group;Confederacy;;;;;;;;;;;;;x
duchy_tucanoan_group;Nation;;;;;;;;;;;;;x
county_tucanoan_group;Tribe;;;;;;;;;;;;;x
barony_tucanoan_group;Band;;;;;;;;;;;;;x
#
empire_paez_group;Grand Confederacy;;;;;;;;;;;;;x
kingdom_paez_group;Confederacy;;;;;;;;;;;;;x
duchy_paez_group;Nation;;;;;;;;;;;;;x
county_paez_group;Tribe;;;;;;;;;;;;;x
barony_paez_group;Band;;;;;;;;;;;;;x
#
empire_zaparoan_group;Grand Confederacy;;;;;;;;;;;;;x
kingdom_zaparoan_group;Confederacy;;;;;;;;;;;;;x
duchy_zaparoan_group;Nation;;;;;;;;;;;;;x
county_zaparoan_group;Tribe;;;;;;;;;;;;;x
barony_zaparoan_group;Band;;;;;;;;;;;;;x
#
empire_charrua_group;Grand Confederacy;;;;;;;;;;;;;x
kingdom_charrua_group;Confederacy;;;;;;;;;;;;;x
duchy_charrua_group;Nation;;;;;;;;;;;;;x
county_charrua_group;Tribe;;;;;;;;;;;;;x
barony_charrua_group;Band;;;;;;;;;;;;;x
#
empire_chango_group;Grand Confederacy;;;;;;;;;;;;;x
kingdom_chango_group;Confederacy;;;;;;;;;;;;;x
duchy_chango_group;Nation;;;;;;;;;;;;;x
county_chango_group;Tribe;;;;;;;;;;;;;x
barony_chango_group;Band;;;;;;;;;;;;;x
#
empire_alacalufe_group;Grand Confederacy;;;;;;;;;;;;;x
kingdom_alacalufe_group;Confederacy;;;;;;;;;;;;;x
duchy_alacalufe_group;Nation;;;;;;;;;;;;;x
county_alacalufe_group;Tribe;;;;;;;;;;;;;x
barony_alacalufe_group;Band;;;;;;;;;;;;;x
#
empire_waikuruan_group;Grand Confederacy;;;;;;;;;;;;;x
kingdom_waikuruan_group;Confederacy;;;;;;;;;;;;;x
duchy_waikuruan_group;Nation;;;;;;;;;;;;;x
county_waikuruan_group;Tribe;;;;;;;;;;;;;x
barony_waikuruan_group;Band;;;;;;;;;;;;;x
#
empire_zamucoan_group;Grand Confederacy;;;;;;;;;;;;;x
kingdom_zamucoan_group;Confederacy;;;;;;;;;;;;;x
duchy_zamucoan_group;Nation;;;;;;;;;;;;;x
county_zamucoan_group;Tribe;;;;;;;;;;;;;x
barony_zamucoan_group;Band;;;;;;;;;;;;;x
#
empire_huarpean_group;Grand Confederacy;;;;;;;;;;;;;x
kingdom_huarpean_group;Confederacy;;;;;;;;;;;;;x
duchy_huarpean_group;Nation;;;;;;;;;;;;;x
county_huarpean_group;Tribe;;;;;;;;;;;;;x
barony_huarpean_group;Band;;;;;;;;;;;;;x
#
empire_chonan_group;Grand Confederacy;;;;;;;;;;;;;x
kingdom_chonan_group;Confederacy;;;;;;;;;;;;;x
duchy_chonan_group;Nation;;;;;;;;;;;;;x
county_chonan_group;Tribe;;;;;;;;;;;;;x
barony_chonan_group;Band;;;;;;;;;;;;;x
#tribal
tribal_empire_hokan_group;Grand Confederacy;;;;;;;;;;;;;x
tribal_kingdom_hokan_group;Confederacy;;;;;;;;;;;;;x
tribal_duchy_hokan_group;Nation;;;;;;;;;;;;;x
tribal_county_hokan_group;Tribe;;;;;;;;;;;;;x
tribal_barony_hokan_group;Band;;;;;;;;;;;;;x
#north american
tribal_empire_guachichil_group;Grand Confederacy;;;;;;;;;;;;;x
tribal_kingdom_guachichil_group;Confederacy;;;;;;;;;;;;;x
tribal_duchy_guachichil_group;Nation;;;;;;;;;;;;;x
tribal_county_guachichil_group;Tribe;;;;;;;;;;;;;x
tribal_barony_guachichil_group;Band;;;;;;;;;;;;;x
#
tribal_empire_guaycuran_group;Grand Confederacy;;;;;;;;;;;;;x
tribal_kingdom_guaycuran_group;Confederacy;;;;;;;;;;;;;x
tribal_duchy_guaycuran_group;Nation;;;;;;;;;;;;;x
tribal_county_guaycuran_group;Tribe;;;;;;;;;;;;;x
tribal_barony_guaycuran_group;Band;;;;;;;;;;;;;x
#
tribal_empire_huave_group;Grand Confederacy;;;;;;;;;;;;;x
tribal_kingdom_huave_group;Confederacy;;;;;;;;;;;;;x
tribal_duchy_huave_group;Nation;;;;;;;;;;;;;x
tribal_county_huave_group;Tribe;;;;;;;;;;;;;x
tribal_barony_huave_group;Band;;;;;;;;;;;;;x
#
tribal_empire_tuniq_group;Grand Confederacy;;;;;;;;;;;;;x
tribal_kingdom_tuniq_group;Confederacy;;;;;;;;;;;;;x
tribal_duchy_tuniq_group;Nation;;;;;;;;;;;;;x
tribal_county_tuniq_group;Tribe;;;;;;;;;;;;;x
tribal_barony_tuniq_group;Band;;;;;;;;;;;;;x
#
tribal_empire_tsimshianic_group;Grand Confederacy;;;;;;;;;;;;;x
tribal_kingdom_tsimshianic_group;Confederacy;;;;;;;;;;;;;x
tribal_duchy_tsimshianic_group;Nation;;;;;;;;;;;;;x
tribal_county_tsimshianic_group;Tribe;;;;;;;;;;;;;x
tribal_barony_tsimshianic_group;Band;;;;;;;;;;;;;x
#
tribal_empire_tlingit_group;Grand Confederacy;;;;;;;;;;;;;x
tribal_kingdom_tlingit_group;Confederacy;;;;;;;;;;;;;x
tribal_duchy_tlingit_group;Nation;;;;;;;;;;;;;x
tribal_county_tlingit_group;Tribe;;;;;;;;;;;;;x
tribal_barony_tlingit_group;Band;;;;;;;;;;;;;x
#
tribal_empire_wakashan_group;Grand Confederacy;;;;;;;;;;;;;x
tribal_kingdom_wakashan_group;Confederacy;;;;;;;;;;;;;x
tribal_duchy_wakashan_group;Nation;;;;;;;;;;;;;x
tribal_county_wakashan_group;Tribe;;;;;;;;;;;;;x
tribal_barony_wakashan_group;Band;;;;;;;;;;;;;x
#
tribal_empire_northwest_coast;Grand Confederacy;;;;;;;;;;;;;x
tribal_kingdom_northwest_coast;Confederacy;;;;;;;;;;;;;x
tribal_duchy_northwest_coast;Nation;;;;;;;;;;;;;x
tribal_county_northwest_coast;Tribe;;;;;;;;;;;;;x
tribal_barony_northwest_coast;Band;;;;;;;;;;;;;x
#
tribal_empire_chinook_group;Grand Confederacy;;;;;;;;;;;;;x
tribal_kingdom_chinook_group;Confederacy;;;;;;;;;;;;;x
tribal_duchy_chinook_group;Nation;;;;;;;;;;;;;x
tribal_county_chinook_group;Tribe;;;;;;;;;;;;;x
tribal_barony_chinook_group;Band;;;;;;;;;;;;;x
#
tribal_empire_klamath_group;Grand Confederacy;;;;;;;;;;;;;x
tribal_kingdom_klamath_group;Confederacy;;;;;;;;;;;;;x
tribal_duchy_klamath_group;Nation;;;;;;;;;;;;;x
tribal_county_klamath_group;Tribe;;;;;;;;;;;;;x
tribal_barony_klamath_group;Band;;;;;;;;;;;;;x
#
tribal_empire_salish_group;Grand Confederacy;;;;;;;;;;;;;x
tribal_kingdom_salish_group;Confederacy;;;;;;;;;;;;;x
tribal_duchy_salish_group;Nation;;;;;;;;;;;;;x
tribal_county_salish_group;Tribe;;;;;;;;;;;;;x
tribal_barony_salish_group;Band;;;;;;;;;;;;;x
#
tribal_empire_pomoan_group;Grand Confederacy;;;;;;;;;;;;;x
tribal_kingdom_pomoan_group;Confederacy;;;;;;;;;;;;;x
tribal_duchy_pomoan_group;Nation;;;;;;;;;;;;;x
tribal_county_pomoan_group;Tribe;;;;;;;;;;;;;x
tribal_barony_pomoan_group;Band;;;;;;;;;;;;;x
#
tribal_empire_tanoan_group;Grand Confederacy;;;;;;;;;;;;;x
tribal_kingdom_tanoan_group;Confederacy;;;;;;;;;;;;;x
tribal_duchy_tanoan_group;Nation;;;;;;;;;;;;;x
tribal_county_tanoan_group;Tribe;;;;;;;;;;;;;x
tribal_barony_tanoan_group;Band;;;;;;;;;;;;;x
#
tribal_empire_cree_algonquian;Grand Confederacy;;;;;;;;;;;;;x
tribal_kingdom_cree_algonquian;Confederacy;;;;;;;;;;;;;x
tribal_duchy_cree_algonquian;Nation;;;;;;;;;;;;;x
tribal_county_cree_algonquian;Tribe;;;;;;;;;;;;;x
tribal_barony_cree_algonquian;Band;;;;;;;;;;;;;x
#
tribal_empire_iroquoian;Grand Confederacy;;;;;;;;;;;;;x
tribal_kingdom_iroquoian;Confederacy;;;;;;;;;;;;;x
tribal_duchy_iroquoian;Nation;;;;;;;;;;;;;x
tribal_county_iroquoian;Tribe;;;;;;;;;;;;;x
tribal_barony_iroquoian;Band;;;;;;;;;;;;;x
#
tribal_empire_muskogean;Grand Confederacy;;;;;;;;;;;;;x
tribal_kingdom_muskogean;Confederacy;;;;;;;;;;;;;x
tribal_duchy_muskogean;Nation;;;;;;;;;;;;;x
tribal_county_muskogean;Tribe;;;;;;;;;;;;;x
tribal_barony_muskogean;Band;;;;;;;;;;;;;x
#
tribal_empire_siouan;Grand Confederacy;;;;;;;;;;;;;x
tribal_kingdom_siouan;Confederacy;;;;;;;;;;;;;x
tribal_duchy_siouan;Nation;;;;;;;;;;;;;x
tribal_county_siouan;Tribe;;;;;;;;;;;;;x
tribal_barony_siouan;Band;;;;;;;;;;;;;x
#
tribal_empire_carribean;Grand Confederacy;;;;;;;;;;;;;x
tribal_kingdom_carribean;Confederacy;;;;;;;;;;;;;x
tribal_duchy_carribean;Nation;;;;;;;;;;;;;x
tribal_county_carribean;Tribe;;;;;;;;;;;;;x
tribal_barony_carribean;Band;;;;;;;;;;;;;x
#
tribal_empire_apachean;Grand Confederacy;;;;;;;;;;;;;x
tribal_kingdom_apachean;Confederacy;;;;;;;;;;;;;x
tribal_duchy_apachean;Nation;;;;;;;;;;;;;x
tribal_county_apachean;Tribe;;;;;;;;;;;;;x
tribal_barony_apachean;Band;;;;;;;;;;;;;x
#
tribal_empire_caddoan;Grand Confederacy;;;;;;;;;;;;;x
tribal_kingdom_caddoan;Confederacy;;;;;;;;;;;;;x
tribal_duchy_caddoan;Nation;;;;;;;;;;;;;x
tribal_county_caddoan;Tribe;;;;;;;;;;;;;x
tribal_barony_caddoan;Band;;;;;;;;;;;;;x
#
tribal_empire_chibchan;Grand Confederacy;;;;;;;;;;;;;x
tribal_kingdom_chibchan;Confederacy;;;;;;;;;;;;;x
tribal_duchy_chibchan;Nation;;;;;;;;;;;;;x
tribal_county_chibchan;Tribe;;;;;;;;;;;;;x
tribal_barony_chibchan;Band;;;;;;;;;;;;;x
#
tribal_empire_maranon;Grand Confederacy;;;;;;;;;;;;;x
tribal_kingdom_maranon;Confederacy;;;;;;;;;;;;;x
tribal_duchy_maranon;Nation;;;;;;;;;;;;;x
tribal_county_maranon;Tribe;;;;;;;;;;;;;x
tribal_barony_maranon;Band;;;;;;;;;;;;;x
#
tribal_empire_araucanian;Grand Confederacy;;;;;;;;;;;;;x
tribal_kingdom_araucanian;Confederacy;;;;;;;;;;;;;x
tribal_duchy_araucanian;Nation;;;;;;;;;;;;;x
tribal_county_araucanian;Tribe;;;;;;;;;;;;;x
tribal_barony_araucanian;Band;;;;;;;;;;;;;x
#
tribal_empire_tupi;Grand Confederacy;;;;;;;;;;;;;x
tribal_kingdom_tupi;Confederacy;;;;;;;;;;;;;x
tribal_duchy_tupi;Nation;;;;;;;;;;;;;x
tribal_county_tupi;Tribe;;;;;;;;;;;;;x
tribal_barony_tupi;Band;;;;;;;;;;;;;x
#
tribal_empire_bororo_group;Grand Confederacy;;;;;;;;;;;;;x
tribal_kingdom_bororo_group;Confederacy;;;;;;;;;;;;;x
tribal_duchy_bororo_group;Nation;;;;;;;;;;;;;x
tribal_county_bororo_group;Tribe;;;;;;;;;;;;;x
tribal_barony_bororo_group;Band;;;;;;;;;;;;;x
#
tribal_empire_kanamari_group;Grand Confederacy;;;;;;;;;;;;;x
tribal_kingdom_kanamari_group;Confederacy;;;;;;;;;;;;;x
tribal_duchy_kanamari_group;Nation;;;;;;;;;;;;;x
tribal_county_kanamari_group;Tribe;;;;;;;;;;;;;x
tribal_barony_kanamari_group;Band;;;;;;;;;;;;;x
#
tribal_empire_witoto_group;Grand Confederacy;;;;;;;;;;;;;x
tribal_kingdom_witoto_group;Confederacy;;;;;;;;;;;;;x
tribal_duchy_witoto_group;Nation;;;;;;;;;;;;;x
tribal_county_witoto_group;Tribe;;;;;;;;;;;;;x
tribal_barony_witoto_group;Band;;;;;;;;;;;;;x
#
tribal_empire_panoan_group;Grand Confederacy;;;;;;;;;;;;;x
tribal_kingdom_panoan_group;Confederacy;;;;;;;;;;;;;x
tribal_duchy_panoan_group;Nation;;;;;;;;;;;;;x
tribal_county_panoan_group;Tribe;;;;;;;;;;;;;x
tribal_barony_panoan_group;Band;;;;;;;;;;;;;x
#
tribal_empire_tucanoan_group;Grand Confederacy;;;;;;;;;;;;;x
tribal_kingdom_tucanoan_group;Confederacy;;;;;;;;;;;;;x
tribal_duchy_tucanoan_group;Nation;;;;;;;;;;;;;x
tribal_county_tucanoan_group;Tribe;;;;;;;;;;;;;x
tribal_barony_tucanoan_group;Band;;;;;;;;;;;;;x
#
tribal_empire_yanomaman_group;Grand Confederacy;;;;;;;;;;;;;x
tribal_kingdom_yanomaman_group;Confederacy;;;;;;;;;;;;;x
tribal_duchy_yanomaman_group;Nation;;;;;;;;;;;;;x
tribal_county_yanomaman_group;Tribe;;;;;;;;;;;;;x
tribal_barony_yanomaman_group;Band;;;;;;;;;;;;;x
#
tribal_empire_tucanoan_group;Grand Confederacy;;;;;;;;;;;;;x
tribal_kingdom_tucanoan_group;Confederacy;;;;;;;;;;;;;x
tribal_duchy_tucanoan_group;Nation;;;;;;;;;;;;;x
tribal_county_tucanoan_group;Tribe;;;;;;;;;;;;;x
tribal_barony_tucanoan_group;Band;;;;;;;;;;;;;x
#
tribal_empire_paez_group;Grand Confederacy;;;;;;;;;;;;;x
tribal_kingdom_paez_group;Confederacy;;;;;;;;;;;;;x
tribal_duchy_paez_group;Nation;;;;;;;;;;;;;x
tribal_county_paez_group;Tribe;;;;;;;;;;;;;x
tribal_barony_paez_group;Band;;;;;;;;;;;;;x
#
tribal_empire_zaparoan_group;Grand Confederacy;;;;;;;;;;;;;x
tribal_kingdom_zaparoan_group;Confederacy;;;;;;;;;;;;;x
tribal_duchy_zaparoan_group;Nation;;;;;;;;;;;;;x
tribal_county_zaparoan_group;Tribe;;;;;;;;;;;;;x
tribal_barony_zaparoan_group;Band;;;;;;;;;;;;;x
#
tribal_empire_charrua_group;Grand Confederacy;;;;;;;;;;;;;x
tribal_kingdom_charrua_group;Confederacy;;;;;;;;;;;;;x
tribal_duchy_charrua_group;Nation;;;;;;;;;;;;;x
tribal_county_charrua_group;Tribe;;;;;;;;;;;;;x
tribal_barony_charrua_group;Band;;;;;;;;;;;;;x
#
tribal_empire_chango_group;Grand Confederacy;;;;;;;;;;;;;x
tribal_kingdom_chango_group;Confederacy;;;;;;;;;;;;;x
tribal_duchy_chango_group;Nation;;;;;;;;;;;;;x
tribal_county_chango_group;Tribe;;;;;;;;;;;;;x
tribal_barony_chango_group;Band;;;;;;;;;;;;;x
#
tribal_empire_alacalufe_group;Grand Confederacy;;;;;;;;;;;;;x
tribal_kingdom_alacalufe_group;Confederacy;;;;;;;;;;;;;x
tribal_duchy_alacalufe_group;Nation;;;;;;;;;;;;;x
tribal_county_alacalufe_group;Tribe;;;;;;;;;;;;;x
tribal_barony_alacalufe_group;Band;;;;;;;;;;;;;x
#
tribal_empire_waikuruan_group;Grand Confederacy;;;;;;;;;;;;;x
tribal_kingdom_waikuruan_group;Confederacy;;;;;;;;;;;;;x
tribal_duchy_waikuruan_group;Nation;;;;;;;;;;;;;x
tribal_county_waikuruan_group;Tribe;;;;;;;;;;;;;x
tribal_barony_waikuruan_group;Band;;;;;;;;;;;;;x
#
tribal_empire_zamucoan_group;Grand Confederacy;;;;;;;;;;;;;x
tribal_kingdom_zamucoan_group;Confederacy;;;;;;;;;;;;;x
tribal_duchy_zamucoan_group;Nation;;;;;;;;;;;;;x
tribal_county_zamucoan_group;Tribe;;;;;;;;;;;;;x
tribal_barony_zamucoan_group;Band;;;;;;;;;;;;;x
#
tribal_empire_huarpean_group;Grand Confederacy;;;;;;;;;;;;;x
tribal_kingdom_huarpean_group;Confederacy;;;;;;;;;;;;;x
tribal_duchy_huarpean_group;Nation;;;;;;;;;;;;;x
tribal_county_huarpean_group;Tribe;;;;;;;;;;;;;x
tribal_barony_huarpean_group;Band;;;;;;;;;;;;;x
#
tribal_empire_chonan_group;Grand Confederacy;;;;;;;;;;;;;x
tribal_kingdom_chonan_group;Confederacy;;;;;;;;;;;;;x
tribal_duchy_chonan_group;Nation;;;;;;;;;;;;;x
tribal_county_chonan_group;Tribe;;;;;;;;;;;;;x
tribal_barony_chonan_group;Band;;;;;;;;;;;;;x